Addam-Marbrand,Brynden-Tully
Addam-Marbrand,Cersei-Lannister
Addam-Marbrand,Gyles-Rosby
Addam-Marbrand,Jaime-Lannister
Addam-Marbrand,Jalabhar-Xho
Addam-Marbrand,Joffrey-Baratheon
Addam-Marbrand,Kevan-Lannister
Addam-Marbrand,Lyle-Crakehall
Addam-Marbrand,Oberyn-Martell
Addam-Marbrand,Tyrion-Lannister
Addam-Marbrand,Tywin-Lannister
Addam-Marbrand,Varys
Aegon-Frey-(son-of-Stevron),Catelyn-Stark
Aegon-Frey-(son-of-Stevron),Robb-Stark
Aegon-Frey-(son-of-Stevron),Stevron-Frey
Aegon-Frey-(son-of-Stevron),Walder-Frey
Aegon-I-Targaryen,Daenerys-Targaryen
Aegon-I-Targaryen,Eddard-Stark
Aegon-I-Targaryen,Harren-Hoare
Aegon-I-Targaryen,Nan
Aegon-I-Targaryen,Rhaenys-Targaryen
Aegon-I-Targaryen,Stannis-Baratheon
Aegon-I-Targaryen,Torrhen-Stark
Aegon-I-Targaryen,Tyrion-Lannister
Aegon-I-Targaryen,Visenya-Targaryen
Aegon-Targaryen-(son-of-Rhaegar),Daenerys-Targaryen
Aegon-Targaryen-(son-of-Rhaegar),Elia-Martell
Aegon-Targaryen-(son-of-Rhaegar),Franklyn-Flowers
Aegon-Targaryen-(son-of-Rhaegar),Haldon
Aegon-Targaryen-(son-of-Rhaegar),Harry-Strickland
Aegon-Targaryen-(son-of-Rhaegar),Jon-Connington
Aegon-Targaryen-(son-of-Rhaegar),Lemore
Aegon-Targaryen-(son-of-Rhaegar),Rhaegar-Targaryen
Aegon-Targaryen-(son-of-Rhaegar),Rhaenys-Targaryen-(daughter-of-Rhaegar)
Aegon-Targaryen-(son-of-Rhaegar),Rolly-Duckfield
Aegon-Targaryen-(son-of-Rhaegar),Tyrion-Lannister
Aegon-Targaryen-(son-of-Rhaegar),Tywin-Lannister
Aegon-Targaryen-(son-of-Rhaegar),Viserys-Targaryen
Aegon-Targaryen-(son-of-Rhaegar),Yandry
Aegon-Targaryen-(son-of-Rhaegar),Ysilla
Aegon-V-Targaryen,Aemon-Targaryen-(Maester-Aemon)
Aemon-Targaryen-(Dragonknight),Jaime-Lannister
Aemon-Targaryen-(Maester-Aemon),Alleras
Aemon-Targaryen-(Maester-Aemon),Alliser-Thorne
Aemon-Targaryen-(Maester-Aemon),Bowen-Marsh
Aemon-Targaryen-(Maester-Aemon),Chett
Aemon-Targaryen-(Maester-Aemon),Clydas
Aemon-Targaryen-(Maester-Aemon),Cotter-Pyke
Aemon-Targaryen-(Maester-Aemon),Daeron-II-Targaryen
Aemon-Targaryen-(Maester-Aemon),Dareon
Aemon-Targaryen-(Maester-Aemon),Denys-Mallister
Aemon-Targaryen-(Maester-Aemon),Donal-Noye
Aemon-Targaryen-(Maester-Aemon),Eddison-Tollett
Aemon-Targaryen-(Maester-Aemon),Gilly
Aemon-Targaryen-(Maester-Aemon),Grenn
Aemon-Targaryen-(Maester-Aemon),Hobb
Aemon-Targaryen-(Maester-Aemon),Janos-Slynt
Aemon-Targaryen-(Maester-Aemon),Jeor-Mormont
Aemon-Targaryen-(Maester-Aemon),Jon-Snow
Aemon-Targaryen-(Maester-Aemon),Maekar-I-Targaryen
Aemon-Targaryen-(Maester-Aemon),Mance-Rayder
Aemon-Targaryen-(Maester-Aemon),Owen
Aemon-Targaryen-(Maester-Aemon),Pypar
Aemon-Targaryen-(Maester-Aemon),Robert-Baratheon
Aemon-Targaryen-(Maester-Aemon),Samwell-Tarly
Aemon-Targaryen-(Maester-Aemon),Stannis-Baratheon
Aemon-Targaryen-(Maester-Aemon),Wynton-Stout
Aenys-Frey,Arya-Stark
Aenys-Frey,Hosteen-Frey
Aenys-Frey,Theon-Greyjoy
Aenys-Frey,Wyman-Manderly
Aeron-Greyjoy,Asha-Greyjoy
Aeron-Greyjoy,Baelor-Blacktyde
Aeron-Greyjoy,Balon-Greyjoy
Aeron-Greyjoy,Dagmer
Aeron-Greyjoy,Dunstan-Drumm
Aeron-Greyjoy,Emmond
Aeron-Greyjoy,Euron-Greyjoy
Aeron-Greyjoy,Gormond-Goodbrother
Aeron-Greyjoy,Gorold-Goodbrother
Aeron-Greyjoy,Greydon-Goodbrother
Aeron-Greyjoy,Meldred-Merlyn
Aeron-Greyjoy,Murenmure
Aeron-Greyjoy,Rus
Aeron-Greyjoy,Theon-Greyjoy
Aeron-Greyjoy,Victarion-Greyjoy
Aerys-I-Targaryen,Robert-Baratheon
Aerys-II-Targaryen,Arthur-Dayne
Aerys-II-Targaryen,Barristan-Selmy
Aerys-II-Targaryen,Brandon-Stark
Aerys-II-Targaryen,Brienne-of-Tarth
Aerys-II-Targaryen,Cersei-Lannister
Aerys-II-Targaryen,Denys-Darklyn
Aerys-II-Targaryen,Eddard-Stark
Aerys-II-Targaryen,Elbert-Arryn
Aerys-II-Targaryen,Gerold-Hightower
Aerys-II-Targaryen,Jaime-Lannister
Aerys-II-Targaryen,Joffrey-Baratheon
Aerys-II-Targaryen,Jon-Arryn
Aerys-II-Targaryen,Owen-Merryweather
Aerys-II-Targaryen,Rhaegar-Targaryen
Aerys-II-Targaryen,Robert-Baratheon
Aerys-II-Targaryen,Rossart
Aerys-II-Targaryen,Tyrion-Lannister
Aerys-II-Targaryen,Tywin-Lannister
Aerys-II-Targaryen,Viserys-Targaryen
Aggar,Gariss
Aggar,Gelmarr
Aggar,Gynir
Aggar,Ramsay-Snow
Aggo,Barristan-Selmy
Aggo,Belwas
Aggo,Daario-Naharis
Aggo,Daenerys-Targaryen
Aggo,Drogo
Aggo,Grey-Worm
Aggo,Jhogo
Aggo,Jorah-Mormont
Aggo,Quaro
Aggo,Rakharo
Alayaya,Bronn
Alayaya,Cersei-Lannister
Alayaya,Dancy
Alayaya,Tyrion-Lannister
Albett,Halder
Albett,Jon-Snow
Albett,Rast
Alebelly,Bran-Stark
Alebelly,Hayhead
Alebelly,Jojen-Reed
Alebelly,Mikken
Alerie-Hightower,Mace-Tyrell
Alerie-Hightower,Margaery-Tyrell
Alester-Florent,Axell-Florent
Alester-Florent,Cortnay-Penrose
Alester-Florent,Davos-Seaworth
Alester-Florent,Lamprey
Alester-Florent,Renly-Baratheon
Alester-Florent,Selyse-Florent
Alester-Florent,Stannis-Baratheon
Alla-Tyrell,Elinor-Tyrell
Alla-Tyrell,Margaery-Tyrell
Alla-Tyrell,Megga-Tyrell
Alla-Tyrell,Osney-Kettleblack
Alla-Tyrell,Sansa-Stark
Allar-Deem,Janos-Slynt
Allar-Deem,Tyrion-Lannister
Allard-Seaworth,Davos-Seaworth
Allard-Seaworth,Marya-Seaworth
Allard-Seaworth,Stannis-Baratheon
Alleras,Armen
Alleras,Leo-Tyrell
Alleras,Marwyn
Alleras,Mollander
Alleras,Pate-(novice)
Alleras,Roone
Alleras,Samwell-Tarly
Alliser-Thorne,Bowen-Marsh
Alliser-Thorne,Grenn
Alliser-Thorne,Halder
Alliser-Thorne,Janos-Slynt
Alliser-Thorne,Jeor-Mormont
Alliser-Thorne,Joffrey-Baratheon
Alliser-Thorne,Jon-Snow
Alliser-Thorne,Mance-Rayder
Alliser-Thorne,Pypar
Alliser-Thorne,Qhorin-Halfhand
Alliser-Thorne,Rast
Alliser-Thorne,Samwell-Tarly
Alliser-Thorne,Stannis-Baratheon
Alliser-Thorne,Tyrion-Lannister
Alyn,Eddard-Stark
Alyn,Harwin
Alyn,Jory-Cassel
Alyn,Robert-Baratheon
Alyn,Tomard
Alys-Arryn,Elys-Waynwood
Alys-Arryn,Jon-Arryn
Alys-Karstark,Jon-Snow
Alys-Karstark,Melisandre
Alys-Karstark,Sigorn
Alysane-Mormont,Asha-Greyjoy
Alysane-Mormont,Justin-Massey
Alysane-Mormont,Stannis-Baratheon
Amabel,Arya-Stark
Amabel,Harra
Amerei-Frey,Jaime-Lannister
Amerei-Frey,Lancel-Lannister
Amerei-Frey,Lyle-Crakehall
Amory-Lorch,Arya-Stark
Amory-Lorch,Cersei-Lannister
Amory-Lorch,Chiswyck
Amory-Lorch,Dunsen
Amory-Lorch,Gendry
Amory-Lorch,Gregor-Clegane
Amory-Lorch,Hot-Pie
Amory-Lorch,Ilyn-Payne
Amory-Lorch,Jaime-Lannister
Amory-Lorch,Joffrey-Baratheon
Amory-Lorch,Meryn-Trant
Amory-Lorch,Oberyn-Martell
Amory-Lorch,Polliver
Amory-Lorch,Rafford
Amory-Lorch,Roose-Bolton
Amory-Lorch,Sandor-Clegane
Amory-Lorch,Tickler
Amory-Lorch,Tywin-Lannister
Amory-Lorch,Vargo-Hoat
Amory-Lorch,Yoren
Anders-Yronwood,Oberyn-Martell
Anders-Yronwood,Quentyn-Martell
Andrew-Estermont,Davos-Seaworth
Andrew-Estermont,Edric-Storm
Andrew-Estermont,Gerald-Gower
Andrey-Dalt,Arianne-Martell
Andrey-Dalt,Garin-(orphan)
Andrey-Dalt,Myrcella-Baratheon
Andrey-Dalt,Sylva-Santagar
Andrey-Dalt,Tyene-Sand
Anguy,Arya-Stark
Anguy,Beric-Dondarrion
Anguy,Greenbeard
Anguy,Harwin
Anguy,Husband
Anguy,Lem
Anguy,Sandor-Clegane
Anguy,Sharna
Anguy,Tom-of-Sevenstreams
Anya-Waynwood,Benedar-Belmore
Anya-Waynwood,Gilwood-Hunter
Anya-Waynwood,Harrold-Hardyng
Anya-Waynwood,Horton-Redfort
Anya-Waynwood,Petyr-Baelish
Anya-Waynwood,Symond-Templeton
Anya-Waynwood,Yohn-Royce
Archibald-Yronwood,Cletus-Yronwood
Archibald-Yronwood,Gerris-Drinkwater
Archibald-Yronwood,Quentyn-Martell
Archibald-Yronwood,Tattered-Prince
Ardrian-Celtigar,Monford-Velaryon
Areo-Hotah,Arianne-Martell
Areo-Hotah,Arys-Oakheart
Areo-Hotah,Balon-Swann
Areo-Hotah,Caleotte
Areo-Hotah,Doran-Martell
Areo-Hotah,Ellaria-Sand
Areo-Hotah,Myrcella-Baratheon
Areo-Hotah,Obara-Sand
Areo-Hotah,Oberyn-Martell
Arianne-Martell,Arys-Oakheart
Arianne-Martell,Balon-Swann
Arianne-Martell,Cedra
Arianne-Martell,Doran-Martell
Arianne-Martell,Ellaria-Sand
Arianne-Martell,Franklyn-Fowler
Arianne-Martell,Garin-(orphan)
Arianne-Martell,Gerold-Dayne
Arianne-Martell,Mellei
Arianne-Martell,Morra
Arianne-Martell,Myrcella-Baratheon
Arianne-Martell,Obara-Sand
Arianne-Martell,Oberyn-Martell
Arianne-Martell,Quentyn-Martell
Arianne-Martell,Ricasso
Arianne-Martell,Sylva-Santagar
Arianne-Martell,Timoth
Arianne-Martell,Tyene-Sand
Armen,Leo-Tyrell
Armen,Marwyn
Armen,Mollander
Armen,Pate-(novice)
Armen,Roone
Arnolf-Karstark,Arthor-Karstark
Arnolf-Karstark,Asha-Greyjoy
Arnolf-Karstark,Mors-Umber
Arnolf-Karstark,Rickard-Karstark
Arnolf-Karstark,Stannis-Baratheon
Aron-Santagar,Sandor-Clegane
Arron,Emrick
Arron,Hareth-(Moles-Town)
Arron,Satin
Arson,Jon-Snow
Arstan,Belwas
Arstan,Daenerys-Targaryen
Arstan,Illyrio-Mopatis
Arstan,Jhiqui
Arstan,Jorah-Mormont
Arstan,Kraznys-mo-Nakloz
Arstan,Mero
Arstan,Rhaegar-Targaryen
Arthur-Dayne,Gerold-Hightower
Arthur-Dayne,Lewyn-Martell
Arthur-Dayne,Rhaegar-Targaryen
Arthur-Dayne,Smiling-Knight
Arwyn-Oakheart,Randyll-Tarly
Arya-Stark,Bellegere-Otherys
Arya-Stark,Benjen-Stark
Arya-Stark,Beric-Dondarrion
Arya-Stark,Biter
Arya-Stark,Bran-Stark
Arya-Stark,Brea
Arya-Stark,Brusco
Arya-Stark,Brynden-Tully
Arya-Stark,Catelyn-Stark
Arya-Stark,Cersei-Lannister
Arya-Stark,Chiswyck
Arya-Stark,Dareon
Arya-Stark,Denyo-Terys
Arya-Stark,Desmond
Arya-Stark,Dobber
Arya-Stark,Dunsen
Arya-Stark,Eddard-Stark
Arya-Stark,Elmar-Frey
Arya-Stark,Gendry
Arya-Stark,Greenbeard
Arya-Stark,Gregor-Clegane
Arya-Stark,Harra
Arya-Stark,Harren-Hoare
Arya-Stark,Harwin
Arya-Stark,Hot-Pie
Arya-Stark,Ilyn-Payne
Arya-Stark,Jaime-Lannister
Arya-Stark,Jaqen-Hghar
Arya-Stark,Jeyne-Poole
Arya-Stark,Joffrey-Baratheon
Arya-Stark,Jon-Snow
Arya-Stark,Jory-Cassel
Arya-Stark,Kindly-Man
Arya-Stark,Koss
Arya-Stark,Lem
Arya-Stark,Lommy-Greenhands
Arya-Stark,Mad-Huntsman
Arya-Stark,Mance-Rayder
Arya-Stark,Melisandre
Arya-Stark,Meralyn
Arya-Stark,Meryn-Trant
Arya-Stark,Mordane
Arya-Stark,Mycah
Arya-Stark,Myrcella-Baratheon
Arya-Stark,Nan
Arya-Stark,Pate-(Old)
Arya-Stark,Petyr-Baelish
Arya-Stark,Polliver
Arya-Stark,Praed
Arya-Stark,Rafford
Arya-Stark,Ramsay-Snow
Arya-Stark,Ravella-Swann
Arya-Stark,Rickon-Stark
Arya-Stark,Robb-Stark
Arya-Stark,Robert-Baratheon
Arya-Stark,Rodrik-Cassel
Arya-Stark,Roose-Bolton
Arya-Stark,Rorge
Arya-Stark,Sandor-Clegane
Arya-Stark,Sansa-Stark
Arya-Stark,Syrio-Forel
Arya-Stark,Talea
Arya-Stark,Ternesio-Terys
Arya-Stark,Theon-Greyjoy
Arya-Stark,Thoros-of-Myr
Arya-Stark,Tickler
Arya-Stark,Tom-of-Sevenstreams
Arya-Stark,Tomard
Arya-Stark,Tommen-Baratheon
Arya-Stark,Tyrion-Lannister
Arya-Stark,Tywin-Lannister
Arya-Stark,Umma
Arya-Stark,Vargo-Hoat
Arya-Stark,Vayon-Poole
Arya-Stark,Waif
Arya-Stark,Weasel
Arya-Stark,Weese
Arya-Stark,Woth
Arya-Stark,Yoren
Arya-Stark,Yorko-Terys
Arys-Oakheart,Cersei-Lannister
Arys-Oakheart,Doran-Martell
Arys-Oakheart,Garin-(orphan)
Arys-Oakheart,Gerold-Dayne
Arys-Oakheart,Joffrey-Baratheon
Arys-Oakheart,Myrcella-Baratheon
Arys-Oakheart,Sansa-Stark
Asha-Greyjoy,Balon-Greyjoy
Asha-Greyjoy,Clayton-Suggs
Asha-Greyjoy,Dagmer
Asha-Greyjoy,Euron-Greyjoy
Asha-Greyjoy,Galbart-Glover
Asha-Greyjoy,Godry-Farring
Asha-Greyjoy,Grimtongue
Asha-Greyjoy,Hagen
Asha-Greyjoy,Justin-Massey
Asha-Greyjoy,Qarl-the-Maid
Asha-Greyjoy,Red-Oarsman
Asha-Greyjoy,Robert-Baratheon
Asha-Greyjoy,Rodrik-Harlaw
Asha-Greyjoy,Rolfe-the-Dwarf
Asha-Greyjoy,Stannis-Baratheon
Asha-Greyjoy,Sybelle-Glover
Asha-Greyjoy,Theon-Greyjoy
Asha-Greyjoy,Torgon-Greyiron
Asha-Greyjoy,Tristifer-Botley
Asha-Greyjoy,Tycho-Nestoris
Asha-Greyjoy,Victarion-Greyjoy
Asha-Greyjoy,Wex-Pyke
Ashara-Dayne,Elia-Martell
Aurane-Waters,Cersei-Lannister
Aurane-Waters,Gyles-Rosby
Aurane-Waters,Harys-Swyft
Aurane-Waters,Loras-Tyrell
Aurane-Waters,Margaery-Tyrell
Aurane-Waters,Orton-Merryweather
Aurane-Waters,Paxter-Redwyne
Aurane-Waters,Stannis-Baratheon
Aurane-Waters,Tommen-Baratheon
Axell-Florent,Davos-Seaworth
Axell-Florent,Jon-Snow
Axell-Florent,Lamprey
Axell-Florent,Melisandre
Axell-Florent,Porridge
Axell-Florent,Salladhor-Saan
Axell-Florent,Selyse-Florent
Axell-Florent,Shireen-Baratheon
Axell-Florent,Stannis-Baratheon
Azor-Ahai,Stannis-Baratheon
Bael-the-Bard,Ygritte
Baelor-Blacktyde,Balon-Greyjoy
Baelor-Blacktyde,Euron-Greyjoy
Baelor-Blacktyde,Victarion-Greyjoy
Baelor-I-Targaryen,Cersei-Lannister
Baelor-I-Targaryen,Sansa-Stark
Baelor-I-Targaryen,Tyrion-Lannister
Ballabar,Frenken
Ballabar,Podrick-Payne
Ballabar,Tyrion-Lannister
Balman-Byrch,Bronn
Balman-Byrch,Cersei-Lannister
Balman-Byrch,Falyse-Stokeworth
Balon-Greyjoy,Catelyn-Stark
Balon-Greyjoy,Dagmer
Balon-Greyjoy,Eddard-Stark
Balon-Greyjoy,Euron-Greyjoy
Balon-Greyjoy,Robb-Stark
Balon-Greyjoy,Robert-Baratheon
Balon-Greyjoy,Stannis-Baratheon
Balon-Greyjoy,Theon-Greyjoy
Balon-Greyjoy,Tywin-Lannister
Balon-Greyjoy,Victarion-Greyjoy
Balon-Swann,Boros-Blount
Balon-Swann,Doran-Martell
Balon-Swann,Gerold-Dayne
Balon-Swann,Gregor-Clegane
Balon-Swann,Jaime-Lannister
Balon-Swann,Joffrey-Baratheon
Balon-Swann,Loras-Tyrell
Balon-Swann,Mandon-Moore
Balon-Swann,Meryn-Trant
Balon-Swann,Myrcella-Baratheon
Balon-Swann,Osmund-Kettleblack
Balon-Swann,Renly-Baratheon
Balon-Swann,Sandor-Clegane
Balon-Swann,Tyrion-Lannister
Bannen,Dywen
Bannen,Samwell-Tarly
Barbrey-Dustin,Jeyne-Poole
Barbrey-Dustin,Ramsay-Snow
Barbrey-Dustin,Roger-Ryswell
Barbrey-Dustin,Roose-Bolton
Barbrey-Dustin,Stannis-Baratheon
Barbrey-Dustin,Theon-Greyjoy
Barristan-Selmy,Belwas
Barristan-Selmy,Ben-Plumm
Barristan-Selmy,Bloodbeard
Barristan-Selmy,Boros-Blount
Barristan-Selmy,Cersei-Lannister
Barristan-Selmy,Daario-Naharis
Barristan-Selmy,Daenerys-Targaryen
Barristan-Selmy,Eddard-Stark
Barristan-Selmy,Galazza-Galare
Barristan-Selmy,Gerold-Hightower
Barristan-Selmy,Gerris-Drinkwater
Barristan-Selmy,Grazhar
Barristan-Selmy,Grey-Worm
Barristan-Selmy,Groleo
Barristan-Selmy,Hizdahr-zo-Loraq
Barristan-Selmy,Jaime-Lannister
Barristan-Selmy,Jhogo
Barristan-Selmy,Joffrey-Baratheon
Barristan-Selmy,Jon-Arryn
Barristan-Selmy,Jorah-Mormont
Barristan-Selmy,Khrazz
Barristan-Selmy,Larraq
Barristan-Selmy,Meryn-Trant
Barristan-Selmy,Missandei
Barristan-Selmy,Petyr-Baelish
Barristan-Selmy,Pycelle
Barristan-Selmy,Quentyn-Martell
Barristan-Selmy,Renly-Baratheon
Barristan-Selmy,Reznak-mo-Reznak
Barristan-Selmy,Rhaegar-Targaryen
Barristan-Selmy,Robert-Baratheon
Barristan-Selmy,Sandor-Clegane
Barristan-Selmy,Sansa-Stark
Barristan-Selmy,Skahaz-mo-Kandaq
Barristan-Selmy,Steelskin
Barristan-Selmy,Tyrion-Lannister
Barristan-Selmy,Varys
Barristan-Selmy,Widower
Barristan-Selmy,Xaro-Xhoan-Daxos
Barsena,Daenerys-Targaryen
Bartimus,Davos-Seaworth
Bedwyck,Craster
Bedwyck,Dywen
Bedwyck,Eddison-Tollett
Bedwyck,Grenn
Bedwyck,Samwell-Tarly
Belaquo,Goghor-the-Giant
Belaquo,Hizdahr-zo-Loraq
Belaquo,Irri
Belaquo,Spotted-Cat
Belwas,Ben-Plumm
Belwas,Daenerys-Targaryen
Belwas,Hizdahr-zo-Loraq
Belwas,Illyrio-Mopatis
Belwas,Jhiqui
Belwas,Jhogo
Belwas,Jorah-Mormont
Belwas,Oznak-zo-Pahl
Belwas,Quentyn-Martell
Belwas,Skahaz-mo-Kandaq
Ben-Bones,Ramsay-Snow
Ben-Bones,Theon-Greyjoy
Ben-Plumm,Daario-Naharis
Ben-Plumm,Daenerys-Targaryen
Ben-Plumm,Hizdahr-zo-Loraq
Ben-Plumm,Kasporio
Ben-Plumm,Penny
Ben-Plumm,Tybero-Istarion
Ben-Plumm,Tyrion-Lannister
Benedar-Belmore,Gilwood-Hunter
Benedar-Belmore,Horton-Redfort
Benedar-Belmore,Petyr-Baelish
Benedar-Belmore,Symond-Templeton
Benerro,Daenerys-Targaryen
Benerro,Haldon
Benerro,Moqorro
Benerro,Tyrion-Lannister
Benethon-Scales,Narbert-Grandison
Benethon-Scales,Selyse-Florent
Benfred-Tallhart,Helman-Tallhart
Benfred-Tallhart,Leobald-Tallhart
Benfred-Tallhart,Stygg
Benfred-Tallhart,Theon-Greyjoy
Benjen-Stark,Bran-Stark
Benjen-Stark,Cersei-Lannister
Benjen-Stark,Jaremy-Rykker
Benjen-Stark,Jeor-Mormont
Benjen-Stark,Jon-Snow
Benjen-Stark,Luwin
Benjen-Stark,Mance-Rayder
Benjen-Stark,Robb-Stark
Benjen-Stark,Robert-Baratheon
Benjen-Stark,Theon-Greyjoy
Benjen-Stark,Tyrion-Lannister
Benjen-Stark,Waymar-Royce
Benjen-Stark,Yoren
Beric-Dondarrion,Catelyn-Stark
Beric-Dondarrion,Eddard-Stark
Beric-Dondarrion,Gendry
Beric-Dondarrion,Gregor-Clegane
Beric-Dondarrion,Harwin
Beric-Dondarrion,Jack-Bulwer
Beric-Dondarrion,Jaime-Lannister
Beric-Dondarrion,Joffrey-Baratheon
Beric-Dondarrion,Lem
Beric-Dondarrion,Loras-Tyrell
Beric-Dondarrion,Mariya-Darry
Beric-Dondarrion,Robert-Baratheon
Beric-Dondarrion,Sandor-Clegane
Beric-Dondarrion,Sansa-Stark
Beric-Dondarrion,Thoros-of-Myr
Beric-Dondarrion,Tom-of-Sevenstreams
Beth-Cassel,Bran-Stark
Beth-Cassel,Rodrik-Cassel
Beth-Cassel,Theon-Greyjoy
Big-Boil,Jon-Snow
Big-Boil,Ygritte
Biter,Brienne-of-Tarth
Biter,Jaqen-Hghar
Biter,Rorge
Biter,Yoren
Black-Balaq,Franklyn-Flowers
Blane,Jeor-Mormont
Bloodbeard,Daenerys-Targaryen
Bloodbeard,Hizdahr-zo-Loraq
Bloodbeard,Tattered-Prince
Blue-Bard,Cersei-Lannister
Blue-Bard,Lambert-Turnberry
Blue-Bard,Margaery-Tyrell
Blue-Bard,Qyburn
Blue-Bard,Tallad
Bonifer-Hasty,Jaime-Lannister
Boros-Blount,Cersei-Lannister
Boros-Blount,Gyles-Rosby
Boros-Blount,Jaime-Lannister
Boros-Blount,Joffrey-Baratheon
Boros-Blount,Loras-Tyrell
Boros-Blount,Meryn-Trant
Boros-Blount,Osmund-Kettleblack
Boros-Blount,Osney-Kettleblack
Boros-Blount,Sansa-Stark
Boros-Blount,Tanda-Stokeworth
Boros-Blount,Tommen-Baratheon
Boros-Blount,Tyrion-Lannister
Bowen-Marsh,Cellador
Bowen-Marsh,Cotter-Pyke
Bowen-Marsh,Denys-Mallister
Bowen-Marsh,Donal-Noye
Bowen-Marsh,Eddison-Tollett
Bowen-Marsh,Hobb
Bowen-Marsh,Janos-Slynt
Bowen-Marsh,Jeor-Mormont
Bowen-Marsh,Jon-Snow
Bowen-Marsh,Mance-Rayder
Bowen-Marsh,Othell-Yarwyck
Bowen-Marsh,Samwell-Tarly
Bowen-Marsh,Satin
Bowen-Marsh,Stannis-Baratheon
Bowen-Marsh,Tormund
Bowen-Marsh,Wick-Whittlestick
Bran-Stark,Brynden-Rivers
Bran-Stark,Catelyn-Stark
Bran-Stark,Cersei-Lannister
Bran-Stark,Chayle
Bran-Stark,Cley-Cerwyn
Bran-Stark,Coldhands
Bran-Stark,Donella-Hornwood
Bran-Stark,Eddard-Stark
Bran-Stark,Hali
Bran-Stark,Hallis-Mollen
Bran-Stark,Hayhead
Bran-Stark,Hodor
Bran-Stark,Howland-Reed
Bran-Stark,Hullen
Bran-Stark,Jeor-Mormont
Bran-Stark,Joffrey-Baratheon
Bran-Stark,Jojen-Reed
Bran-Stark,Jon-Arryn
Bran-Stark,Jon-Snow
Bran-Stark,Jon-Umber-(Greatjon)
Bran-Stark,Jory-Cassel
Bran-Stark,Joseth
Bran-Stark,Leaf
Bran-Stark,Luwin
Bran-Stark,Meera-Reed
Bran-Stark,Mikken
Bran-Stark,Nan
Bran-Stark,Osha
Bran-Stark,Petyr-Baelish
Bran-Stark,Poxy-Tym
Bran-Stark,Ramsay-Snow
Bran-Stark,Reek
Bran-Stark,Renly-Baratheon
Bran-Stark,Rickard-Karstark
Bran-Stark,Rickard-Stark
Bran-Stark,Rickon-Stark
Bran-Stark,Robb-Stark
Bran-Stark,Robert-Baratheon
Bran-Stark,Rodrik-Cassel
Bran-Stark,Samwell-Tarly
Bran-Stark,Sansa-Stark
Bran-Stark,Stafford-Lannister
Bran-Stark,Stiv
Bran-Stark,Theon-Greyjoy
Bran-Stark,Tommen-Baratheon
Bran-Stark,Tyrion-Lannister
Bran-Stark,Walder-Frey-(son-of-Jammos)
Bran-Stark,Walder-Frey-(son-of-Merrett)
Bran-Stark,Wyman-Manderly
Bran-Stark,Yoren
Brandon-Norrey,Jon-Snow
Brandon-Norrey,Torghen-Flint
Brandon-Stark,Eddard-Stark
Brandon-Stark,Lyanna-Stark
Brandon-Stark,Petyr-Baelish
Brandon-Stark,Rickard-Stark
Brandon-Stark,Rickon-Stark
Brandon-Stark,Robb-Stark
Brandon-Stark,Robert-Baratheon
Brea,Brusco
Brea,Talea
Brella,Sansa-Stark
Brella,Shae
Brenett,Catelyn-Stark
Brienne-of-Tarth,Catelyn-Stark
Brienne-of-Tarth,Cersei-Lannister
Brienne-of-Tarth,Clarence-Crabb
Brienne-of-Tarth,Cleos-Frey
Brienne-of-Tarth,Creighton-Longbough
Brienne-of-Tarth,Dick-Crabb
Brienne-of-Tarth,Dontos-Hollard
Brienne-of-Tarth,Edmure-Tully
Brienne-of-Tarth,Elder-Brother
Brienne-of-Tarth,Elmar-Frey
Brienne-of-Tarth,Emmon-Cuy
Brienne-of-Tarth,Gendry
Brienne-of-Tarth,Hyle-Hunt
Brienne-of-Tarth,Illifer
Brienne-of-Tarth,Jaime-Lannister
Brienne-of-Tarth,Jeyne-Heddle
Brienne-of-Tarth,Joffrey-Baratheon
Brienne-of-Tarth,Loras-Tyrell
Brienne-of-Tarth,Lysa-Arryn
Brienne-of-Tarth,Meribald
Brienne-of-Tarth,Narbert
Brienne-of-Tarth,Podrick-Payne
Brienne-of-Tarth,Pyg
Brienne-of-Tarth,Qyburn
Brienne-of-Tarth,Randyll-Tarly
Brienne-of-Tarth,Renly-Baratheon
Brienne-of-Tarth,Robar-Royce
Brienne-of-Tarth,Robb-Stark
Brienne-of-Tarth,Robert-Baratheon
Brienne-of-Tarth,Roose-Bolton
Brienne-of-Tarth,Sandor-Clegane
Brienne-of-Tarth,Sansa-Stark
Brienne-of-Tarth,Selwyn-Tarth
Brienne-of-Tarth,Shagwell
Brienne-of-Tarth,Stannis-Baratheon
Brienne-of-Tarth,Timeon
Brienne-of-Tarth,Tommen-Baratheon
Brienne-of-Tarth,Tyrion-Lannister
Brienne-of-Tarth,Tywin-Lannister
Brienne-of-Tarth,Vargo-Hoat
Brienne-of-Tarth,Vyman
Brienne-of-Tarth,Walton
Brienne-of-Tarth,Willow-Heddle
Bronn,Catelyn-Stark
Bronn,Cersei-Lannister
Bronn,Chiggen
Bronn,Falyse-Stokeworth
Bronn,Gregor-Clegane
Bronn,Jacelyn-Bywater
Bronn,Joffrey-Baratheon
Bronn,Lollys-Stokeworth
Bronn,Mandon-Moore
Bronn,Marillion
Bronn,Oberyn-Martell
Bronn,Podrick-Payne
Bronn,Rodrik-Cassel
Bronn,Shae
Bronn,Shagga
Bronn,Stannis-Baratheon
Bronn,Timett
Bronn,Tommen-Baratheon
Bronn,Tyrion-Lannister
Bronn,Tywin-Lannister
Bronn,Vardis-Egen
Bronn,Varys
Bronn,Willis-Wode
Brus-Buckler,Malegorn
Brus-Buckler,Narbert-Grandison
Brus-Buckler,Selyse-Florent
Bryce-Caron,Cortnay-Penrose
Bryce-Caron,Eldon-Estermont
Bryce-Caron,Guyard-Morrigen
Bryce-Caron,Renly-Baratheon
Bryce-Caron,Stannis-Baratheon
Brynden-Rivers,Meera-Reed
Brynden-Tully,Catelyn-Stark
Brynden-Tully,Daven-Lannister
Brynden-Tully,Edmure-Tully
Brynden-Tully,Edwyn-Frey
Brynden-Tully,Emmon-Frey
Brynden-Tully,Hoster-Tully
Brynden-Tully,Jaime-Lannister
Brynden-Tully,Lyle-Crakehall
Brynden-Tully,Lysa-Arryn
Brynden-Tully,Nestor-Royce
Brynden-Tully,Rickard-Karstark
Brynden-Tully,Robb-Stark
Brynden-Tully,Ryman-Frey
Brynden-Tully,Theon-Greyjoy
Brynden-Tully,Tyrion-Lannister
Brynden-Tully,Tywin-Lannister
Brynden-Tully,Walder-Frey
Bump,Varamyr
Butterbumps,Olenna-Redwyne
Butterbumps,Sansa-Stark
Byam-Flint,Craster
Caggo,Gerris-Drinkwater
Caggo,Lucifer-Long
Caggo,Meris
Caggo,Quentyn-Martell
Caggo,Tattered-Prince
Caleotte,Doran-Martell
Caleotte,Gregor-Clegane
Caleotte,Obara-Sand
Camarron,Spotted-Cat
Captain-Myraham,Theon-Greyjoy
Captain-Myraham-Daughter,Theon-Greyjoy
Catelyn-Stark,Cersei-Lannister
Catelyn-Stark,Cleos-Frey
Catelyn-Stark,Colemon
Catelyn-Stark,Colen-of-Greenpools
Catelyn-Stark,Dacey-Mormont
Catelyn-Stark,Desmond-Grell
Catelyn-Stark,Donnel-Waynwood
Catelyn-Stark,Eddard-Stark
Catelyn-Stark,Edmure-Tully
Catelyn-Stark,Elmar-Frey
Catelyn-Stark,Eon-Hunter
Catelyn-Stark,Hallis-Mollen
Catelyn-Stark,Hoster-Tully
Catelyn-Stark,Hyle-Hunt
Catelyn-Stark,Jaime-Lannister
Catelyn-Stark,Jason-Mallister
Catelyn-Stark,Jeyne-Westerling
Catelyn-Stark,Joffrey-Baratheon
Catelyn-Stark,Jon-Arryn
Catelyn-Stark,Jon-Snow
Catelyn-Stark,Jon-Umber-(Greatjon)
Catelyn-Stark,Loras-Tyrell
Catelyn-Stark,Lothar-Frey
Catelyn-Stark,Luwin
Catelyn-Stark,Lysa-Arryn
Catelyn-Stark,Maege-Mormont
Catelyn-Stark,Margaery-Tyrell
Catelyn-Stark,Marillion
Catelyn-Stark,Marq-Piper
Catelyn-Stark,Masha-Heddle
Catelyn-Stark,Mathis-Rowan
Catelyn-Stark,Moreo-Tumitis
Catelyn-Stark,Mya-Stone
Catelyn-Stark,Mychel-Redfort
Catelyn-Stark,Nestor-Royce
Catelyn-Stark,Petyr-Baelish
Catelyn-Stark,Randyll-Tarly
Catelyn-Stark,Raynald-Westerling
Catelyn-Stark,Renly-Baratheon
Catelyn-Stark,Rickard-Karstark
Catelyn-Stark,Rickon-Stark
Catelyn-Stark,Robar-Royce
Catelyn-Stark,Robb-Stark
Catelyn-Stark,Robert-Arryn
Catelyn-Stark,Robert-Baratheon
Catelyn-Stark,Robin-Ryger
Catelyn-Stark,Rodrik-Cassel
Catelyn-Stark,Roose-Bolton
Catelyn-Stark,Roslin-Frey
Catelyn-Stark,Ryman-Frey
Catelyn-Stark,Sansa-Stark
Catelyn-Stark,Stafford-Lannister
Catelyn-Stark,Stannis-Baratheon
Catelyn-Stark,Stevron-Frey
Catelyn-Stark,Tansy
Catelyn-Stark,Theon-Greyjoy
Catelyn-Stark,Tyrion-Lannister
Catelyn-Stark,Tytos-Blackwood
Catelyn-Stark,Tywin-Lannister
Catelyn-Stark,Utherydes-Wayn
Catelyn-Stark,Vardis-Egen
Catelyn-Stark,Varys
Catelyn-Stark,Vyman
Catelyn-Stark,Walder-Frey
Catelyn-Stark,Wendel-Manderly
Catelyn-Stark,Willis-Wode
Cayn,Eddard-Stark
Cayn,Renly-Baratheon
Cayn,Tomard
Cedra,Garin-(orphan)
Cedric-Payne,Podrick-Payne
Cellador,Clydas
Cellador,Jon-Snow
Cellador,Othell-Yarwyck
Cersei-Lannister,Chiswyck
Cersei-Lannister,Cleos-Frey
Cersei-Lannister,Daenerys-Targaryen
Cersei-Lannister,Doran-Martell
Cersei-Lannister,Dorcas
Cersei-Lannister,Dunsen
Cersei-Lannister,Eddard-Stark
Cersei-Lannister,Elia-Martell
Cersei-Lannister,Ellaria-Sand
Cersei-Lannister,Falyse-Stokeworth
Cersei-Lannister,Garlan-Tyrell
Cersei-Lannister,Garth-Tyrell
Cersei-Lannister,Gregor-Clegane
Cersei-Lannister,Gyles-Rosby
Cersei-Lannister,Harys-Swyft
Cersei-Lannister,High-Septon-(Tyrions)
Cersei-Lannister,High-Sparrow
Cersei-Lannister,Ilyn-Payne
Cersei-Lannister,Jacelyn-Bywater
Cersei-Lannister,Jaime-Lannister
Cersei-Lannister,Jalabhar-Xho
Cersei-Lannister,Janos-Slynt
Cersei-Lannister,Jocelyn-Swyft
Cersei-Lannister,Joffrey-Baratheon
Cersei-Lannister,Jon-Arryn
Cersei-Lannister,Jon-Snow
Cersei-Lannister,Jory-Cassel
Cersei-Lannister,Kevan-Lannister
Cersei-Lannister,Lancel-Lannister
Cersei-Lannister,Loras-Tyrell
Cersei-Lannister,Lysa-Arryn
Cersei-Lannister,Mace-Tyrell
Cersei-Lannister,Maegor-I-Targaryen
Cersei-Lannister,Maggy
Cersei-Lannister,Mandon-Moore
Cersei-Lannister,Margaery-Tyrell
Cersei-Lannister,Mark-Mullendore
Cersei-Lannister,Melara-Hetherspoon
Cersei-Lannister,Meryn-Trant
Cersei-Lannister,Moelle
Cersei-Lannister,Moon-Boy
Cersei-Lannister,Mordane
Cersei-Lannister,Myrcella-Baratheon
Cersei-Lannister,Oberyn-Martell
Cersei-Lannister,Olenna-Redwyne
Cersei-Lannister,Orton-Merryweather
Cersei-Lannister,Osfryd-Kettleblack
Cersei-Lannister,Osmund-Kettleblack
Cersei-Lannister,Osney-Kettleblack
Cersei-Lannister,Petyr-Baelish
Cersei-Lannister,Polliver
Cersei-Lannister,Preston-Greenfield
Cersei-Lannister,Pycelle
Cersei-Lannister,Qyburn
Cersei-Lannister,Rafford
Cersei-Lannister,Raynard
Cersei-Lannister,Renly-Baratheon
Cersei-Lannister,Rhaegar-Targaryen
Cersei-Lannister,Robb-Stark
Cersei-Lannister,Robert-Baratheon
Cersei-Lannister,Robert-Strong
Cersei-Lannister,Sandor-Clegane
Cersei-Lannister,Sansa-Stark
Cersei-Lannister,Scolera
Cersei-Lannister,Senelle
Cersei-Lannister,Shae
Cersei-Lannister,Stannis-Baratheon
Cersei-Lannister,Taena-of-Myr
Cersei-Lannister,Tallad
Cersei-Lannister,Tanda-Stokeworth
Cersei-Lannister,Tickler
Cersei-Lannister,Tommen-Baratheon
Cersei-Lannister,Tyrion-Lannister
Cersei-Lannister,Tywin-Lannister
Cersei-Lannister,Unella
Cersei-Lannister,Varys
Cersei-Lannister,Vayon-Poole
Cersei-Lannister,Vylarr
Cersei-Lannister,Walder-Frey
Cersei-Lannister,Willas-Tyrell
Chataya,Tyrion-Lannister
Chayle,Mikken
Chella,Shae
Chella,Tyrion-Lannister
Chella,Varys
Chett,Jeor-Mormont
Chett,Jon-Snow
Chett,Lark
Chett,Qhorin-Halfhand
Chett,Samwell-Tarly
Chett,Small-Paul
Chiggen,Tyrion-Lannister
Chiggen,Willis-Wode
Chiswyck,Dunsen
Chiswyck,Gregor-Clegane
Chiswyck,Ilyn-Payne
Chiswyck,Joffrey-Baratheon
Chiswyck,Meryn-Trant
Chiswyck,Polliver
Chiswyck,Rafford
Chiswyck,Sandor-Clegane
Chiswyck,Tickler
Chiswyck,Weese
Clayton-Suggs,Godry-Farring
Clayton-Suggs,Stannis-Baratheon
Clement-Piper,Jaime-Lannister
Clement-Piper,Karyl-Vance
Cleon,Daenerys-Targaryen
Cleon,Ghael
Cleon,Quentyn-Martell
Cleos-Frey,Eddard-Stark
Cleos-Frey,Jaime-Lannister
Cleos-Frey,Robb-Stark
Cleos-Frey,Tyrion-Lannister
Cletus-Yronwood,Daenerys-Targaryen
Cletus-Yronwood,Gerris-Drinkwater
Cletus-Yronwood,Kedry
Cletus-Yronwood,Quentyn-Martell
Cley-Cerwyn,Donella-Hornwood
Cley-Cerwyn,Rodrik-Cassel
Clubfoot-Karl,Craster
Clubfoot-Karl,Samwell-Tarly
Clydas,Hobb
Clydas,Jon-Snow
Clydas,Mully
Clydas,Samwell-Tarly
Clydas,Stannis-Baratheon
Cohollo,Daenerys-Targaryen
Cohollo,Drogo
Cohollo,Haggo
Cohollo,Qotho
Coldhands,Gilly
Coldhands,Hodor
Coldhands,Meera-Reed
Colemon,Gretchel
Colemon,Maddy
Colemon,Petyr-Baelish
Colemon,Robert-Arryn
Colemon,Vardis-Egen
Colen-of-Greenpools,Renly-Baratheon
Conn,Coratt
Conn,Shagga
Conn,Tyrion-Lannister
Corliss-Penny,Stannis-Baratheon
Cortnay-Penrose,Davos-Seaworth
Cortnay-Penrose,Renly-Baratheon
Cortnay-Penrose,Stannis-Baratheon
Cortnay-Penrose,Tyrion-Lannister
Cortnay-Penrose,Varys
Cotter-Pyke,Denys-Mallister
Cotter-Pyke,Eddison-Tollett
Cotter-Pyke,Jon-Snow
Cotter-Pyke,Othell-Yarwyck
Cotter-Pyke,Pypar
Cotter-Pyke,Samwell-Tarly
Cotter-Pyke,Selyse-Florent
Cotter-Pyke,Stannis-Baratheon
Craster,Dirk
Craster,Dywen
Craster,Eddison-Tollett
Craster,Gilly
Craster,Grenn
Craster,Jeor-Mormont
Craster,Jojen-Reed
Craster,Jon-Snow
Craster,Mance-Rayder
Craster,Samwell-Tarly
Craster,Thoren-Smallwood
Craster,Tormund
Creighton-Longbough,Illifer
Creighton-Longbough,Shadrich
Cressen,Davos-Seaworth
Cressen,Melisandre
Cressen,Patchface
Cressen,Pylos
Cressen,Renly-Baratheon
Cressen,Robert-Baratheon
Cressen,Selyse-Florent
Cressen,Shireen-Baratheon
Cressen,Stannis-Baratheon
Cromm,Grimtongue
Cromm,Hagen
Cutjack,Gendry
Cutjack,Kurz
Cutjack,Tarber
Daario-Naharis,Daenerys-Targaryen
Daario-Naharis,Drogo
Daario-Naharis,Grey-Worm
Daario-Naharis,Groleo
Daario-Naharis,Hero
Daario-Naharis,Hizdahr-zo-Loraq
Daario-Naharis,Irri
Daario-Naharis,Jhiqui
Daario-Naharis,Jhogo
Daario-Naharis,Jorah-Mormont
Daario-Naharis,Missandei
Daario-Naharis,Prendahl-na-Ghezn
Daario-Naharis,Quentyn-Martell
Daario-Naharis,Rakharo
Daario-Naharis,Sallor
Daario-Naharis,Skahaz-mo-Kandaq
Dacey-Mormont,Maege-Mormont
Dacey-Mormont,Robb-Stark
Daemon-Sand,Doran-Martell
Daemon-Sand,Oberyn-Martell
Daenerys-Targaryen,Daeron-II-Targaryen
Daenerys-Targaryen,Doran-Martell
Daenerys-Targaryen,Doreah
Daenerys-Targaryen,Drogo
Daenerys-Targaryen,Eddard-Stark
Daenerys-Targaryen,Eroeh
Daenerys-Targaryen,Ezzara
Daenerys-Targaryen,Galazza-Galare
Daenerys-Targaryen,Gerris-Drinkwater
Daenerys-Targaryen,Ghael
Daenerys-Targaryen,Grey-Worm
Daenerys-Targaryen,Groleo
Daenerys-Targaryen,Haggo
Daenerys-Targaryen,Hero
Daenerys-Targaryen,Hizdahr-zo-Loraq
Daenerys-Targaryen,Illyrio-Mopatis
Daenerys-Targaryen,Irri
Daenerys-Targaryen,Jhiqui
Daenerys-Targaryen,Jhogo
Daenerys-Targaryen,Jon-Connington
Daenerys-Targaryen,Jorah-Mormont
Daenerys-Targaryen,Kraznys-mo-Nakloz
Daenerys-Targaryen,Lynesse-Hightower
Daenerys-Targaryen,Lysono-Maar
Daenerys-Targaryen,Mace-Tyrell
Daenerys-Targaryen,Marselen
Daenerys-Targaryen,Meris
Daenerys-Targaryen,Mero
Daenerys-Targaryen,Mezzara
Daenerys-Targaryen,Miklaz
Daenerys-Targaryen,Mirri-Maz-Duur
Daenerys-Targaryen,Missandei
Daenerys-Targaryen,Moqorro
Daenerys-Targaryen,Oznak-zo-Pahl
Daenerys-Targaryen,Penny
Daenerys-Targaryen,Pono
Daenerys-Targaryen,Pyat-Pree
Daenerys-Targaryen,Qavo-Nogarys
Daenerys-Targaryen,Qezza
Daenerys-Targaryen,Qotho
Daenerys-Targaryen,Quaithe
Daenerys-Targaryen,Quaro
Daenerys-Targaryen,Quentyn-Martell
Daenerys-Targaryen,Rakharo
Daenerys-Targaryen,Reznak-mo-Reznak
Daenerys-Targaryen,Rhaegar-Targaryen
Daenerys-Targaryen,Rhaegel-Targaryen
Daenerys-Targaryen,Robert-Baratheon
Daenerys-Targaryen,Skahaz-mo-Kandaq
Daenerys-Targaryen,Spotted-Cat
Daenerys-Targaryen,Symon-Stripeback
Daenerys-Targaryen,Tattered-Prince
Daenerys-Targaryen,Tyrion-Lannister
Daenerys-Targaryen,Varys
Daenerys-Targaryen,Victarion-Greyjoy
Daenerys-Targaryen,Viserys-Targaryen
Daenerys-Targaryen,Xaro-Xhoan-Daxos
Daenerys-Targaryen,Yurkhaz-zo-Yunzak
Daeron-I-Targaryen,Shireen-Baratheon
Dagmer,Rodrik-Cassel
Dagmer,Theon-Greyjoy
Dalbridge,Ebben
Dalbridge,Jon-Snow
Dalbridge,Qhorin-Halfhand
Dalla,Gilly
Dalla,Jon-Snow
Dalla,Mance-Rayder
Dalla,Melisandre
Dalla,Stannis-Baratheon
Dalla,Val
Damon-Dance-for-Me,Grunt
Damon-Dance-for-Me,Ramsay-Snow
Damon-Dance-for-Me,Skinner
Damon-Dance-for-Me,Sour-Alyn
Damon-Dance-for-Me,Theon-Greyjoy
Danwell-Frey,Hosteen-Frey
Danwell-Frey,Jared-Frey
Danwell-Frey,Walder-Frey
Dareon,Gilly
Dareon,Jon-Snow
Dareon,Lanna-(Happy-Port)
Dareon,Samwell-Tarly
Daryn-Hornwood,Eddard-Stark
Daryn-Hornwood,Torrhen-Karstark
Daven-Lannister,Emmon-Frey
Daven-Lannister,Jaime-Lannister
Davos-Seaworth,Devan-Seaworth
Davos-Seaworth,Eddard-Stark
Davos-Seaworth,Edric-Storm
Davos-Seaworth,Garth-(Wolfs-Den)
Davos-Seaworth,Godric-Borrell
Davos-Seaworth,Guncer-Sunglass
Davos-Seaworth,Imry-Florent
Davos-Seaworth,Joffrey-Baratheon
Davos-Seaworth,Khorane-Sathmantes
Davos-Seaworth,Lamprey
Davos-Seaworth,Leona-Woolfield
Davos-Seaworth,Marlon-Manderly
Davos-Seaworth,Matthos-Seaworth
Davos-Seaworth,Melisandre
Davos-Seaworth,Monford-Velaryon
Davos-Seaworth,Porridge
Davos-Seaworth,Pylos
Davos-Seaworth,Renly-Baratheon
Davos-Seaworth,Robb-Stark
Davos-Seaworth,Robett-Glover
Davos-Seaworth,Salladhor-Saan
Davos-Seaworth,Selyse-Florent
Davos-Seaworth,Shireen-Baratheon
Davos-Seaworth,Stannis-Baratheon
Davos-Seaworth,Sybell-Spicer
Davos-Seaworth,Wyman-Manderly
Denyo-Terys,Ternesio-Terys
Denys-Mallister,Eddison-Tollett
Denys-Mallister,Janos-Slynt
Denys-Mallister,Jon-Snow
Denys-Mallister,Othell-Yarwyck
Denys-Mallister,Pypar
Denys-Mallister,Samwell-Tarly
Denzo-Dhan,Meris
Desmond,Eddard-Stark
Desmond-Grell,Edmure-Tully
Desmond-Grell,Robb-Stark
Desmond-Grell,Utherydes-Wayn
Devan-Seaworth,Jon-Snow
Devan-Seaworth,Melisandre
Devan-Seaworth,Pylos
Devan-Seaworth,Renly-Baratheon
Devan-Seaworth,Stannis-Baratheon
Dick-Crabb,Eustace-Brune
Dick-Crabb,Jaime-Lannister
Dick-Crabb,Podrick-Payne
Dick-Crabb,Renly-Baratheon
Dick-Follard,Jon-Snow
Dick-Follard,Satin
Dick-Straw,Hugh-Hungerford
Dick-Straw,Tattered-Prince
Dirk,Samwell-Tarly
Dolf,Shagga
Donal-Noye,Jeor-Mormont
Donal-Noye,Jon-Snow
Donal-Noye,Mag-Mar-Tun-Doh-Weg
Donal-Noye,Mance-Rayder
Donal-Noye,Qhorin-Halfhand
Donal-Noye,Stannis-Baratheon
Donella-Hornwood,Leobald-Tallhart
Donella-Hornwood,Luwin
Donella-Hornwood,Mors-Umber
Donella-Hornwood,Ramsay-Snow
Donella-Hornwood,Rodrik-Cassel
Dontos-Hollard,Joffrey-Baratheon
Dontos-Hollard,Lothor-Brune
Dontos-Hollard,Moon-Boy
Dontos-Hollard,Petyr-Baelish
Dontos-Hollard,Sansa-Stark
Dontos-Hollard,Stannis-Baratheon
Dontos-Hollard,Tyrion-Lannister
Dontos-Hollard,Willas-Tyrell
Doran-Martell,Ellaria-Sand
Doran-Martell,Gregor-Clegane
Doran-Martell,Myrcella-Baratheon
Doran-Martell,Nymeria-Sand
Doran-Martell,Obara-Sand
Doran-Martell,Oberyn-Martell
Doran-Martell,Quentyn-Martell
Doran-Martell,Robert-Baratheon
Doran-Martell,Tyene-Sand
Doran-Martell,Tyrion-Lannister
Doran-Martell,Tywin-Lannister
Doran-Martell,Varys
Doran-Martell,Viserys-Targaryen
Dorcas,Jocelyn-Swyft
Dorcas,Margaery-Tyrell
Dorcas,Osney-Kettleblack
Dorcas,Qyburn
Dorcas,Taena-of-Myr
Doreah,Drogo
Doreah,Irri
Doreah,Jhiqui
Doreah,Jorah-Mormont
Doreah,Viserys-Targaryen
Draqaz,Miklaz
Drennan,Squint
Drennan,Theon-Greyjoy
Drogo,Haggo
Drogo,Illyrio-Mopatis
Drogo,Irri
Drogo,Jhiqui
Drogo,Jhogo
Drogo,Jommo
Drogo,Jorah-Mormont
Drogo,Mirri-Maz-Duur
Drogo,Ogo
Drogo,Pono
Drogo,Qotho
Drogo,Quaro
Drogo,Rakharo
Drogo,Rhaego
Drogo,Robert-Baratheon
Drogo,Viserys-Targaryen
Dryn,Tormund
Dunsen,Gregor-Clegane
Dunsen,Ilyn-Payne
Dunsen,Joffrey-Baratheon
Dunsen,Meryn-Trant
Dunsen,Polliver
Dunsen,Rafford
Dunsen,Sandor-Clegane
Dunsen,Tickler
Dunsen,Weese
Dunstan-Drumm,Rodrik-Harlaw
Dunstan-Drumm,Victarion-Greyjoy
Dywen,Eddison-Tollett
Dywen,Grenn
Dywen,Jeor-Mormont
Dywen,Jon-Snow
Dywen,Samwell-Tarly
Ebben,Jon-Snow
Ebben,Qhorin-Halfhand
Ebben,Stonesnake
Eddard-Stark,Edmure-Tully
Eddard-Stark,Galbart-Glover
Eddard-Stark,Gendry
Eddard-Stark,Gerold-Hightower
Eddard-Stark,Gregor-Clegane
Eddard-Stark,Harwin
Eddard-Stark,High-Septon-(fat_one)
Eddard-Stark,Howland-Reed
Eddard-Stark,Ilyn-Payne
Eddard-Stark,Jacks
Eddard-Stark,Jaime-Lannister
Eddard-Stark,Janos-Slynt
Eddard-Stark,Joffrey-Baratheon
Eddard-Stark,Jon-Arryn
Eddard-Stark,Jon-Snow
Eddard-Stark,Jory-Cassel
Eddard-Stark,Joss
Eddard-Stark,Loras-Tyrell
Eddard-Stark,Luwin
Eddard-Stark,Lyanna-Stark
Eddard-Stark,Lysa-Arryn
Eddard-Stark,Maron-Greyjoy
Eddard-Stark,Marq-Piper
Eddard-Stark,Mordane
Eddard-Stark,Mycah
Eddard-Stark,Petyr-Baelish
Eddard-Stark,Porther
Eddard-Stark,Pycelle
Eddard-Stark,Ramsay-Snow
Eddard-Stark,Raymun-Darry
Eddard-Stark,Renly-Baratheon
Eddard-Stark,Rhaegar-Targaryen
Eddard-Stark,Rickard-Karstark
Eddard-Stark,Rickon-Stark
Eddard-Stark,Robb-Stark
Eddard-Stark,Robert-Baratheon
Eddard-Stark,Rodrik-Cassel
Eddard-Stark,Roose-Bolton
Eddard-Stark,Sandor-Clegane
Eddard-Stark,Sansa-Stark
Eddard-Stark,Stannis-Baratheon
Eddard-Stark,Syrio-Forel
Eddard-Stark,Theon-Greyjoy
Eddard-Stark,Tobho-Mott
Eddard-Stark,Tomard
Eddard-Stark,Torrhen-Karstark
Eddard-Stark,Torrhen-Stark
Eddard-Stark,Tregar
Eddard-Stark,Tyrion-Lannister
Eddard-Stark,Tywin-Lannister
Eddard-Stark,Varly
Eddard-Stark,Varys
Eddard-Stark,Vayon-Poole
Eddard-Stark,Willam-Dustin
Eddard-Stark,Wyl-(guard)
Eddard-Stark,Wylla
Eddard-Stark,Wyman-Manderly
Eddison-Tollett,Emmett
Eddison-Tollett,Gilly
Eddison-Tollett,Grenn
Eddison-Tollett,Hobb
Eddison-Tollett,Janos-Slynt
Eddison-Tollett,Jeor-Mormont
Eddison-Tollett,Jon-Snow
Eddison-Tollett,Mully
Eddison-Tollett,Othell-Yarwyck
Eddison-Tollett,Pypar
Eddison-Tollett,Samwell-Tarly
Eddison-Tollett,Satin
Eddison-Tollett,Watt
Edmure-Tully,Elmar-Frey
Edmure-Tully,Emmon-Frey
Edmure-Tully,Forley-Prester
Edmure-Tully,Hoster-Tully
Edmure-Tully,Ilyn-Payne
Edmure-Tully,Jaime-Lannister
Edmure-Tully,Karyl-Vance
Edmure-Tully,Lothar-Frey
Edmure-Tully,Lysa-Arryn
Edmure-Tully,Marq-Piper
Edmure-Tully,Petyr-Baelish
Edmure-Tully,Robb-Stark
Edmure-Tully,Roslin-Frey
Edmure-Tully,Ryman-Frey
Edmure-Tully,Tansy
Edmure-Tully,Tommen-Baratheon
Edmure-Tully,Tytos-Blackwood
Edmure-Tully,Tywin-Lannister
Edmure-Tully,Walder-Frey
Edric-Storm,Pylos
Edric-Storm,Robert-Baratheon
Edric-Storm,Shireen-Baratheon
Edric-Storm,Stannis-Baratheon
Edwyn-Frey,Jaime-Lannister
Edwyn-Frey,Ryman-Frey
Edwyn-Frey,Walder-Rivers
Elder-Brother,Meribald
Elder-Brother,Narbert
Eldon-Estermont,Steffon-Varner
Elia-Martell,Gregor-Clegane
Elia-Martell,Jaime-Lannister
Elia-Martell,Oberyn-Martell
Elia-Martell,Rhaegar-Targaryen
Elia-Martell,Tyrion-Lannister
Elia-Martell,Tywin-Lannister
Elinor-Tyrell,Margaery-Tyrell
Elinor-Tyrell,Megga-Tyrell
Elinor-Tyrell,Sansa-Stark
Elinor-Tyrell,Tallad
Ellaria-Sand,Oberyn-Martell
Ellaria-Sand,Tyrion-Lannister
Elmar-Frey,Jaime-Lannister
Elmar-Frey,Robb-Stark
Elmar-Frey,Roose-Bolton
Elmar-Frey,Tywin-Lannister
Elmar-Frey,Walder-Frey
Emmett,Hareth-(Moles-Town)
Emmett,Hop-Robin
Emmett,Janos-Slynt
Emmett,Jon-Snow
Emmon-Cuy,Renly-Baratheon
Emmon-Cuy,Robar-Royce
Emmon-Frey,Forley-Prester
Emmon-Frey,Genna-Lannister
Emmon-Frey,Jaime-Lannister
Emmon-Frey,Ryman-Frey
Emmon-Frey,Tywin-Lannister
Emrick,Hareth-(Moles-Town)
Emrick,Satin
Eon-Hunter,Lysa-Arryn
Eon-Hunter,Vardis-Egen
Errok,Grigg
Errok,Jon-Snow
Errok,Styr
Euron-Greyjoy,Hotho-Harlaw
Euron-Greyjoy,Humfrey-Hewett
Euron-Greyjoy,Nute
Euron-Greyjoy,Quellon-Greyjoy
Euron-Greyjoy,Red-Oarsman
Euron-Greyjoy,Rodrik-Harlaw
Euron-Greyjoy,Sawane-Botley
Euron-Greyjoy,Theon-Greyjoy
Euron-Greyjoy,Victarion-Greyjoy
Falyse-Stokeworth,Qyburn
Farlen,Theon-Greyjoy
Florian-the-Fool,Jonquil
Florian-the-Fool,Sansa-Stark
Fogo,Ogo
Franklyn-Flowers,Jon-Connington
Frenya,Holly
Frenya,Theon-Greyjoy
Fulk,Jon-Snow
Fulk,Mully
Galazza-Galare,Grazhar
Galazza-Galare,Hizdahr-zo-Loraq
Galazza-Galare,Reznak-mo-Reznak
Galazza-Galare,Skahaz-mo-Kandaq
Galbart-Glover,Jaime-Lannister
Galbart-Glover,Jon-Umber-(Greatjon)
Galbart-Glover,Rickard-Karstark
Galbart-Glover,Robb-Stark
Galbart-Glover,Robett-Glover
Galbart-Glover,Roose-Bolton
Galyeon-of-Cuy,Tyrion-Lannister
Gared,Jeor-Mormont
Gared,Waymar-Royce
Gared,Will-(prologue)
Garin-(orphan),Gerold-Dayne
Garin-(orphan),Myrcella-Baratheon
Garin-(orphan),Nymeria-Sand
Garin-(orphan),Sylva-Santagar
Garin-(orphan),Tyene-Sand
Gariss,Murch
Garlan-Tyrell,Joffrey-Baratheon
Garlan-Tyrell,Leonette-Fossoway
Garlan-Tyrell,Loras-Tyrell
Garlan-Tyrell,Sansa-Stark
Garlan-Tyrell,Tyrion-Lannister
Garlan-Tyrell,Willas-Tyrell
Garrett-Paege,Jaime-Lannister
Garth-(Wolfs-Den),Sybell-Spicer
Garth-Greyfeather,Hairy-Hal
Garth-Greyfeather,Jack-Bulwer
Garth-Greyfeather,Jon-Snow
Gawen-Westerling,Jeyne-Westerling
Gawen-Westerling,Sybell-Spicer
Gendel,Gorne
Gendel,Jon-Snow
Gendry,Greenbeard
Gendry,Harwin
Gendry,Hot-Pie
Gendry,Jaqen-Hghar
Gendry,Lem
Gendry,Lommy-Greenhands
Gendry,Merrit
Gendry,Robert-Baratheon
Gendry,Sandor-Clegane
Gendry,Thoros-of-Myr
Gendry,Tom-of-Sevenstreams
Gendry,Willow-Heddle
Gendry,Woth
Gendry,Yoren
Genna-Lannister,Jaime-Lannister
Genna-Lannister,Tywin-Lannister
Gerold-Dayne,Myrcella-Baratheon
Gerold-Grafton,Terrance-Lynderly
Gerold-Hightower,Jaime-Lannister
Gerold-Hightower,Lewyn-Martell
Gerold-Hightower,Oswell-Whent
Gerold-Hightower,Robert-Baratheon
Gerrick-Kingsblood,Jon-Snow
Gerrick-Kingsblood,Raymun-Redbeard
Gerris-Drinkwater,Hizdahr-zo-Loraq
Gerris-Drinkwater,Meris
Gerris-Drinkwater,Quentyn-Martell
Gerris-Drinkwater,Tattered-Prince
Gilly,Jojen-Reed
Gilly,Jon-Snow
Gilly,Kojja-Mo
Gilly,Mance-Rayder
Gilly,Meera-Reed
Gilly,Melisandre
Gilly,Samwell-Tarly
Gilly,Small-Paul
Gilwood-Hunter,Horton-Redfort
Gilwood-Hunter,Lysa-Arryn
Gilwood-Hunter,Symond-Templeton
Godry-Farring,Jon-Snow
Godry-Farring,Justin-Massey
Godry-Farring,Mance-Rayder
Godry-Farring,Melisandre
Godry-Farring,Stannis-Baratheon
Goghor-the-Giant,Hizdahr-zo-Loraq
Goghor-the-Giant,Khrazz
Goghor-the-Giant,Spotted-Cat
Gormon-Tyrell,Walgrave
Gorne,Jon-Snow
Gorold-Goodbrother,Victarion-Greyjoy
Grazdan-mo-Eraz,Mero
Grazhar,Qezza
Greenbeard,Harwin
Greenbeard,Lem
Greenbeard,Thoros-of-Myr
Greenbeard,Tom-of-Sevenstreams
Gregor-Clegane,Helman-Tallhart
Gregor-Clegane,Ilyn-Payne
Gregor-Clegane,Jaime-Lannister
Gregor-Clegane,Joffrey-Baratheon
Gregor-Clegane,Loras-Tyrell
Gregor-Clegane,Marq-Piper
Gregor-Clegane,Meryn-Trant
Gregor-Clegane,Oberyn-Martell
Gregor-Clegane,Petyr-Baelish
Gregor-Clegane,Polliver
Gregor-Clegane,Pycelle
Gregor-Clegane,Qyburn
Gregor-Clegane,Rafford
Gregor-Clegane,Robb-Stark
Gregor-Clegane,Robert-Baratheon
Gregor-Clegane,Sandor-Clegane
Gregor-Clegane,Sansa-Stark
Gregor-Clegane,Tickler
Gregor-Clegane,Tyrion-Lannister
Gregor-Clegane,Tywin-Lannister
Gregor-Clegane,Weese
Grenn,Halder
Grenn,Jeor-Mormont
Grenn,Jon-Snow
Grenn,Kegs
Grenn,Owen
Grenn,Pypar
Grenn,Samwell-Tarly
Grenn,Small-Paul
Grenn,Todder
Gretchel,Maddy
Gretchel,Robert-Arryn
Gretchel,Sansa-Stark
Grey-Worm,Hizdahr-zo-Loraq
Grey-Worm,Irri
Grey-Worm,Jorah-Mormont
Grey-Worm,Skahaz-mo-Kandaq
Grigg,Jarl
Grigg,Jon-Snow
Grimtongue,Hagen
Grimtongue,Lorren
Grisel,Petyr-Baelish
Groleo,Hero
Groleo,Jhogo
Groleo,Skahaz-mo-Kandaq
Grunt,Sour-Alyn
Grunt,Theon-Greyjoy
Guncer-Sunglass,Melisandre
Gunthor-son-of-Gurn,Tyrion-Lannister
Guyard-Morrigen,Renly-Baratheon
Gyles-Grafton,Robert-Arryn
Gyles-Grafton,Terrance-Lynderly
Gyles-Rosby,Harys-Swyft
Gyles-Rosby,Jacelyn-Bywater
Gyles-Rosby,Jalabhar-Xho
Gyles-Rosby,Joffrey-Baratheon
Gyles-Rosby,Lollys-Stokeworth
Gyles-Rosby,Mace-Tyrell
Gyles-Rosby,Margaery-Tyrell
Gyles-Rosby,Orton-Merryweather
Gyles-Rosby,Pycelle
Gyles-Rosby,Qyburn
Gyles-Rosby,Sansa-Stark
Gyles-Rosby,Tanda-Stokeworth
Gyles-Rosby,Tommen-Baratheon
Gyles-Rosby,Tyrion-Lannister
Gynir,Wex-Pyke
Hagen,Lorren
Hagen,Qarl-the-Maid
Hagen,Tristifer-Botley
Haggo,Mirri-Maz-Duur
Haggo,Qotho
Haggo,Rakharo
Haggon,Varamyr
Hairy-Hal,Jack-Bulwer
Hairy-Hal,Jon-Snow
Hake,Jon-Snow
Halder,Jon-Snow
Halder,Pypar
Halder,Rast
Halder,Samwell-Tarly
Halder,Todder
Haldon,Illyrio-Mopatis
Haldon,Jon-Connington
Haldon,Lemore
Haldon,Pono
Haldon,Qavo-Nogarys
Haldon,Rolly-Duckfield
Haldon,Tyrion-Lannister
Haldon,Yandry
Haldon,Ysilla
Hallis-Mollen,Luwin
Hallis-Mollen,Robb-Stark
Hallis-Mollen,Theon-Greyjoy
Hallis-Mollen,Wendel-Manderly
Hallyne,Joffrey-Baratheon
Hallyne,Tyrion-Lannister
Halys-Hornwood,Rodrik-Cassel
Hareth-(Moles-Town),Hop-Robin
Hareth-(Moles-Town),Jon-Snow
Hareth-(Moles-Town),Kegs
Hareth-(Moles-Town),Leathers
Hareth-(Moles-Town),Mully
Hareth-(Moles-Town),Rory
Hareth-(Moles-Town),Satin
Hareth-(Moles-Town),Spare-Boot
Harl,Lorren
Harma,Jarl
Harma,Jon-Snow
Harma,Mance-Rayder
Harma,Rattleshirt
Harma,Styr
Harma,Tormund
Harma,Varamyr
Harma,Weeper
Harras-Harlaw,Victarion-Greyjoy
Harren-Hoare,Nan
Harrold-Hardyng,Robert-Arryn
Harrold-Hardyng,Yohn-Royce
Harry-Strickland,Jon-Connington
Harry-Strickland,Myles-Toyne
Harwin,Hullen
Harwin,Jory-Cassel
Harwin,Lem
Harwin,Sandor-Clegane
Harwood-Stout,Theon-Greyjoy
Harys-Swyft,Jaime-Lannister
Harys-Swyft,Orton-Merryweather
Harys-Swyft,Pycelle
Harys-Swyft,Stannis-Baratheon
Harys-Swyft,Taena-of-Myr
Harys-Swyft,Tommen-Baratheon
Helman-Tallhart,Randyll-Tarly
Helman-Tallhart,Robett-Glover
Hero,Jhogo
Heward,Jory-Cassel
Heward,Wyl-(guard)
High-Septon-(fat_one),Joffrey-Baratheon
High-Septon-(fat_one),Tyrion-Lannister
High-Septon-(Tyrions),Joffrey-Baratheon
High-Septon-(Tyrions),Pycelle
High-Septon-(Tyrions),Tyrion-Lannister
High-Sparrow,Kevan-Lannister
High-Sparrow,Maegor-I-Targaryen
High-Sparrow,Margaery-Tyrell
High-Sparrow,Osney-Kettleblack
High-Sparrow,Taena-of-Myr
High-Sparrow,Tommen-Baratheon
High-Sparrow,Unella
Hizdahr-zo-Loraq,Irri
Hizdahr-zo-Loraq,Jhiqui
Hizdahr-zo-Loraq,Khrazz
Hizdahr-zo-Loraq,Marghaz-zo-Loraq
Hizdahr-zo-Loraq,Missandei
Hizdahr-zo-Loraq,Qezza
Hizdahr-zo-Loraq,Quentyn-Martell
Hizdahr-zo-Loraq,Reznak-mo-Reznak
Hizdahr-zo-Loraq,Skahaz-mo-Kandaq
Hizdahr-zo-Loraq,Spotted-Cat
Hizdahr-zo-Loraq,Steelskin
Hobb,Janos-Slynt
Hobb,Jon-Snow
Hobb,Melisandre
Hobb,Mully
Hobb,Othell-Yarwyck
Hobb,Owen
Hobb,Samwell-Tarly
Hobber-Redwyne,Horas-Redwyne
Hodor,Jojen-Reed
Hodor,Luwin
Hodor,Meera-Reed
Hodor,Nan
Hodor,Osha
Hodor,Rickon-Stark
Hodor,Robb-Stark
Hodor,Rodrik-Cassel
Hodor,Wyman-Manderly
Holly,Jeyne-Poole
Holly,Rowan
Holly,Theon-Greyjoy
Hop-Robin,Jon-Snow
Horas-Redwyne,Joffrey-Baratheon
Horton-Redfort,Yohn-Royce
Hosteen-Frey,Jared-Frey
Hosteen-Frey,Wyman-Manderly
Hoster-Blackwood,Jaime-Lannister
Hoster-Tully,Jaime-Lannister
Hoster-Tully,Lothar-Frey
Hoster-Tully,Lysa-Arryn
Hoster-Tully,Robb-Stark
Hoster-Tully,Robert-Baratheon
Hoster-Tully,Tansy
Hoster-Tully,Vyman
Hot-Pie,Lem
Hot-Pie,Lommy-Greenhands
Hot-Pie,Mebble
Hot-Pie,Sharna
Hot-Pie,Tom-of-Sevenstreams
Hot-Pie,Weasel
Hot-Pie,Woth
Hot-Pie,Yoren
Hother-Umber,Jon-Umber-(Greatjon)
Hother-Umber,Mors-Umber
Hother-Umber,Ramsay-Snow
Hother-Umber,Wyman-Manderly
Hotho-Harlaw,Rodrik-Harlaw
Hotho-Harlaw,Sigfryd-Harlaw
Hotho-Harlaw,Victarion-Greyjoy
Hugh,Jon-Arryn
Hugo-Vance,Jaime-Lannister
Hullen,Jory-Cassel
Hullen,Luwin
Hullen,Robb-Stark
Hullen,Rodrik-Cassel
Humfrey-Hewett,Victarion-Greyjoy
Husband,Lem
Hyle-Hunt,Meribald
Hyle-Hunt,Podrick-Payne
Hyle-Hunt,Randyll-Tarly
Hyle-Hunt,Sandor-Clegane
Hyle-Hunt,Sansa-Stark
Illyrio-Mopatis,Irri
Illyrio-Mopatis,Jon-Connington
Illyrio-Mopatis,Jorah-Mormont
Illyrio-Mopatis,Robert-Baratheon
Illyrio-Mopatis,Rolly-Duckfield
Illyrio-Mopatis,Tyrion-Lannister
Illyrio-Mopatis,Viserys-Targaryen
Ilyn-Payne,Jaime-Lannister
Ilyn-Payne,Jeyne-Poole
Ilyn-Payne,Joffrey-Baratheon
Ilyn-Payne,Loras-Tyrell
Ilyn-Payne,Lyle-Crakehall
Ilyn-Payne,Meryn-Trant
Ilyn-Payne,Polliver
Ilyn-Payne,Rafford
Ilyn-Payne,Robert-Baratheon
Ilyn-Payne,Sandor-Clegane
Ilyn-Payne,Sansa-Stark
Ilyn-Payne,Tickler
Ilyn-Payne,Tyrion-Lannister
Ilyn-Payne,Varys
Irri,Jhiqui
Irri,Jhogo
Irri,Jorah-Mormont
Irri,Missandei
Irri,Rakharo
Irri,Skahaz-mo-Kandaq
Irri,Viserys-Targaryen
Jacelyn-Bywater,Janos-Slynt
Jacelyn-Bywater,Joffrey-Baratheon
Jacelyn-Bywater,Lancel-Lannister
Jacelyn-Bywater,Tommen-Baratheon
Jacelyn-Bywater,Tyrion-Lannister
Jacelyn-Bywater,Varys
Jack-Be-Lucky,Lem
Jack-Bulwer,Jon-Snow
Jack-Bulwer,Thoros-of-Myr
Jaehaerys-I-Targaryen,Maegor-I-Targaryen
Jafer-Flowers,Jaremy-Rykker
Jaime-Lannister,Joffrey-Baratheon
Jaime-Lannister,Jon-Arryn
Jaime-Lannister,Jon-Snow
Jaime-Lannister,Jonos-Bracken
Jaime-Lannister,Jory-Cassel
Jaime-Lannister,Josmyn-Peckledon
Jaime-Lannister,Joy-Hill
Jaime-Lannister,Karyl-Vance
Jaime-Lannister,Kevan-Lannister
Jaime-Lannister,Lancel-Lannister
Jaime-Lannister,Lem
Jaime-Lannister,Lewys-Piper
Jaime-Lannister,Loras-Tyrell
Jaime-Lannister,Lyle-Crakehall
Jaime-Lannister,Lysa-Arryn
Jaime-Lannister,Mace-Tyrell
Jaime-Lannister,Mandon-Moore
Jaime-Lannister,Margaery-Tyrell
Jaime-Lannister,Mariya-Darry
Jaime-Lannister,Melara-Hetherspoon
Jaime-Lannister,Meryn-Trant
Jaime-Lannister,Oberyn-Martell
Jaime-Lannister,Olenna-Redwyne
Jaime-Lannister,Osmund-Kettleblack
Jaime-Lannister,Petyr-Baelish
Jaime-Lannister,Pia
Jaime-Lannister,Pycelle
Jaime-Lannister,Qyburn
Jaime-Lannister,Rafford
Jaime-Lannister,Renly-Baratheon
Jaime-Lannister,Rennifer-Longwaters
Jaime-Lannister,Rhaegar-Targaryen
Jaime-Lannister,Rickard-Karstark
Jaime-Lannister,Robb-Stark
Jaime-Lannister,Robert-Baratheon
Jaime-Lannister,Robin-Ryger
Jaime-Lannister,Rodrik-Cassel
Jaime-Lannister,Ronnet-Connington
Jaime-Lannister,Roose-Bolton
Jaime-Lannister,Rorge
Jaime-Lannister,Ryman-Frey
Jaime-Lannister,Sandor-Clegane
Jaime-Lannister,Sansa-Stark
Jaime-Lannister,Shadrich
Jaime-Lannister,Shagwell
Jaime-Lannister,Shitmouth
Jaime-Lannister,Stafford-Lannister
Jaime-Lannister,Stannis-Baratheon
Jaime-Lannister,Sybell-Spicer
Jaime-Lannister,Taena-of-Myr
Jaime-Lannister,Theon-Greyjoy
Jaime-Lannister,Thoros-of-Myr
Jaime-Lannister,Tommen-Baratheon
Jaime-Lannister,Tyrion-Lannister
Jaime-Lannister,Tysha
Jaime-Lannister,Tytos-Blackwood
Jaime-Lannister,Tywin-Lannister
Jaime-Lannister,Urswyck
Jaime-Lannister,Vargo-Hoat
Jaime-Lannister,Varys
Jaime-Lannister,Walder-Frey
Jaime-Lannister,Walder-Rivers
Jaime-Lannister,Walton
Jaime-Lannister,Wyl-(guard)
Jaime-Lannister,Wylis-Manderly
Jaime-Lannister,Zollo
Jalabhar-Xho,Lambert-Turnberry
Jalabhar-Xho,Tallad
Janos-Slynt,Joffrey-Baratheon
Janos-Slynt,Jon-Snow
Janos-Slynt,Mance-Rayder
Janos-Slynt,Othell-Yarwyck
Janos-Slynt,Petyr-Baelish
Janos-Slynt,Pycelle
Janos-Slynt,Robert-Baratheon
Janos-Slynt,Samwell-Tarly
Janos-Slynt,Sansa-Stark
Janos-Slynt,Stannis-Baratheon
Janos-Slynt,Tyrion-Lannister
Janos-Slynt,Varys
Jaqen-Hghar,Rorge
Jaqen-Hghar,Weese
Jaqen-Hghar,Yoren
Jared-Frey,Rhaegar-Frey
Jaremy-Rykker,Jeor-Mormont
Jaremy-Rykker,Jon-Snow
Jaremy-Rykker,Thoren-Smallwood
Jarl,Jon-Snow
Jarl,Mance-Rayder
Jarl,Rattleshirt
Jarl,Styr
Jarl,Val
Jarl,Ygritte
Jarman-Buckwell,Jeor-Mormont
Jarman-Buckwell,Jon-Snow
Jarman-Buckwell,Thoren-Smallwood
Jason-Mallister,Theon-Greyjoy
Jason-Mallister,Tytos-Blackwood
Jeor-Mormont,Jon-Snow
Jeor-Mormont,Jorah-Mormont
Jeor-Mormont,Lark
Jeor-Mormont,Mance-Rayder
Jeor-Mormont,Othell-Yarwyck
Jeor-Mormont,Ottyn-Wythers
Jeor-Mormont,Qhorin-Halfhand
Jeor-Mormont,Robert-Baratheon
Jeor-Mormont,Samwell-Tarly
Jeor-Mormont,Small-Paul
Jeor-Mormont,Thoren-Smallwood
Jeor-Mormont,Tyrion-Lannister
Jeor-Mormont,Yoren
Jeyne-Farman,Melara-Hetherspoon
Jeyne-Poole,Loras-Tyrell
Jeyne-Poole,Mordane
Jeyne-Poole,Ramsay-Snow
Jeyne-Poole,Robert-Baratheon
Jeyne-Poole,Roose-Bolton
Jeyne-Poole,Rowan
Jeyne-Poole,Sansa-Stark
Jeyne-Poole,Squirrel
Jeyne-Poole,Theon-Greyjoy
Jeyne-Westerling,Lothar-Frey
Jeyne-Westerling,Robb-Stark
Jeyne-Westerling,Walder-Frey
Jhiqui,Jorah-Mormont
Jhiqui,Missandei
Jhiqui,Rakharo
Jhiqui,Skahaz-mo-Kandaq
Jhogo,Jorah-Mormont
Jhogo,Mirri-Maz-Duur
Jhogo,Rakharo
Joanna-Lannister,Tywin-Lannister
Jocelyn-Swyft,Osmund-Kettleblack
Jocelyn-Swyft,Qyburn
Jocelyn-Swyft,Taena-of-Myr
Joffrey-Baratheon,Jon-Snow
Joffrey-Baratheon,Kevan-Lannister
Joffrey-Baratheon,Lancel-Lannister
Joffrey-Baratheon,Loras-Tyrell
Joffrey-Baratheon,Mace-Tyrell
Joffrey-Baratheon,Mance-Rayder
Joffrey-Baratheon,Mandon-Moore
Joffrey-Baratheon,Margaery-Tyrell
Joffrey-Baratheon,Melisandre
Joffrey-Baratheon,Meryn-Trant
Joffrey-Baratheon,Mordane
Joffrey-Baratheon,Mycah
Joffrey-Baratheon,Myrcella-Baratheon
Joffrey-Baratheon,Oberyn-Martell
Joffrey-Baratheon,Olenna-Redwyne
Joffrey-Baratheon,Osmund-Kettleblack
Joffrey-Baratheon,Paxter-Redwyne
Joffrey-Baratheon,Petyr-Baelish
Joffrey-Baratheon,Polliver
Joffrey-Baratheon,Pycelle
Joffrey-Baratheon,Qyburn
Joffrey-Baratheon,Rafford
Joffrey-Baratheon,Renly-Baratheon
Joffrey-Baratheon,Robb-Stark
Joffrey-Baratheon,Robert-Baratheon
Joffrey-Baratheon,Rodrik-Cassel
Joffrey-Baratheon,Sandor-Clegane
Joffrey-Baratheon,Sansa-Stark
Joffrey-Baratheon,Selyse-Florent
Joffrey-Baratheon,Shae
Joffrey-Baratheon,Shireen-Baratheon
Joffrey-Baratheon,Stannis-Baratheon
Joffrey-Baratheon,Tickler
Joffrey-Baratheon,Tommen-Baratheon
Joffrey-Baratheon,Tyrion-Lannister
Joffrey-Baratheon,Tywin-Lannister
Joffrey-Baratheon,Varys
Joffrey-Baratheon,Yoren
Jojen-Reed,Luwin
Jojen-Reed,Meera-Reed
Jojen-Reed,Osha
Jojen-Reed,Rickon-Stark
Jojen-Reed,Samwell-Tarly
Jommo,Ogo
Jon-Arryn,Lysa-Arryn
Jon-Arryn,Petyr-Baelish
Jon-Arryn,Pycelle
Jon-Arryn,Robert-Arryn
Jon-Arryn,Robert-Baratheon
Jon-Arryn,Stannis-Baratheon
Jon-Arryn,Tyrion-Lannister
Jon-Arryn,Varys
Jon-Connington,Lemore
Jon-Connington,Myles-Toyne
Jon-Connington,Nyessos-Vhassar
Jon-Connington,Rhaegar-Targaryen
Jon-Connington,Robert-Baratheon
Jon-Connington,Rolly-Duckfield
Jon-Connington,Tyrion-Lannister
Jon-Connington,Tywin-Lannister
Jon-Connington,Varys
Jon-Connington,Yandry
Jon-Fossoway,Mathis-Rowan
Jon-Snow,Jory-Cassel
Jon-Snow,Kegs
Jon-Snow,Lark
Jon-Snow,Leathers
Jon-Snow,Luwin
Jon-Snow,Mag-Mar-Tun-Doh-Weg
Jon-Snow,Malegorn
Jon-Snow,Mance-Rayder
Jon-Snow,Matthar
Jon-Snow,Melisandre
Jon-Snow,Mordane
Jon-Snow,Mully
Jon-Snow,Nan
Jon-Snow,Narbert-Grandison
Jon-Snow,Orell
Jon-Snow,Othell-Yarwyck
Jon-Snow,Othor
Jon-Snow,Ottyn-Wythers
Jon-Snow,Owen
Jon-Snow,Patrek-of-Kings-Mountain
Jon-Snow,Pypar
Jon-Snow,Qhorin-Halfhand
Jon-Snow,Rast
Jon-Snow,Rattleshirt
Jon-Snow,Rickon-Stark
Jon-Snow,Robb-Stark
Jon-Snow,Robert-Baratheon
Jon-Snow,Rodrik-Cassel
Jon-Snow,Rory
Jon-Snow,Ryk
Jon-Snow,Samwell-Tarly
Jon-Snow,Sansa-Stark
Jon-Snow,Satin
Jon-Snow,Selyse-Florent
Jon-Snow,Shireen-Baratheon
Jon-Snow,Sigorn
Jon-Snow,Soren-Shieldbreaker
Jon-Snow,Spare-Boot
Jon-Snow,Stannis-Baratheon
Jon-Snow,Stonesnake
Jon-Snow,Styr
Jon-Snow,Theon-Greyjoy
Jon-Snow,Thoren-Smallwood
Jon-Snow,Todder
Jon-Snow,Tom-Barleycorn
Jon-Snow,Toregg
Jon-Snow,Tormund
Jon-Snow,Tycho-Nestoris
Jon-Snow,Tyrion-Lannister
Jon-Snow,Ulmer
Jon-Snow,Val
Jon-Snow,Varamyr
Jon-Snow,Weeper
Jon-Snow,Wick-Whittlestick
Jon-Snow,Wun-Weg-Wun-Dar-Wun
Jon-Snow,Ygritte
Jon-Snow,Yoren
Jon-Snow,Zei
Jon-Umber-(Greatjon),Jon-Umber-(Smalljon)
Jon-Umber-(Greatjon),Maege-Mormont
Jon-Umber-(Greatjon),Rickard-Karstark
Jon-Umber-(Greatjon),Robb-Stark
Jon-Umber-(Greatjon),Robin-Flint
Jon-Umber-(Greatjon),Roose-Bolton
Jon-Umber-(Greatjon),Theon-Greyjoy
Jon-Umber-(Greatjon),Tywin-Lannister
Jon-Umber-(Greatjon),Walder-Frey
Jon-Umber-(Greatjon),Wendel-Manderly
Jon-Umber-(Smalljon),Robb-Stark
Jonos-Bracken,Tytos-Blackwood
Jonothor-Darry,Lewyn-Martell
Jonothor-Darry,Oswell-Whent
Jorah-Mormont,Mero
Jorah-Mormont,Mirri-Maz-Duur
Jorah-Mormont,Missandei
Jorah-Mormont,Nurse
Jorah-Mormont,Penny
Jorah-Mormont,Pono
Jorah-Mormont,Qotho
Jorah-Mormont,Rakharo
Jorah-Mormont,Rhaegar-Targaryen
Jorah-Mormont,Robert-Baratheon
Jorah-Mormont,Tyrion-Lannister
Jorah-Mormont,Viserys-Targaryen
Joramun,Mance-Rayder
Joramun,Melisandre
Jory-Cassel,Mordane
Jory-Cassel,Petyr-Baelish
Jory-Cassel,Robb-Stark
Jory-Cassel,Robert-Baratheon
Jory-Cassel,Rodrik-Cassel
Jory-Cassel,Sansa-Stark
Jory-Cassel,Stannis-Baratheon
Jory-Cassel,Theon-Greyjoy
Jory-Cassel,Tomard
Jory-Cassel,Vayon-Poole
Jory-Cassel,Wyl-(guard)
Joseth,Luwin
Josmyn-Peckledon,Pia
Justin-Massey,Richard-Horpe
Justin-Massey,Stannis-Baratheon
Jyck,Morrec
Jyck,Tyrion-Lannister
Karyl-Vance,Marq-Piper
Kasporio,Tybero-Istarion
Kasporio,Tyrion-Lannister
Kedry,Quentyn-Martell
Kegs,Owen
Kegs,Pypar
Kegs,Satin
Kegs,Spare-Boot
Kella,Sansa-Stark
Kerwin,Victarion-Greyjoy
Kevan-Lannister,Lancel-Lannister
Kevan-Lannister,Mace-Tyrell
Kevan-Lannister,Pycelle
Kevan-Lannister,Randyll-Tarly
Kevan-Lannister,Ronnet-Connington
Kevan-Lannister,Sansa-Stark
Kevan-Lannister,Stannis-Baratheon
Kevan-Lannister,Tommen-Baratheon
Kevan-Lannister,Tyrion-Lannister
Kevan-Lannister,Tywin-Lannister
Kevan-Lannister,Varys
Kevan-Lannister,Willem-Lannister
Khorane-Sathmantes,Salladhor-Saan
Khorane-Sathmantes,Stannis-Baratheon
Khrazz,Spotted-Cat
Khrazz,Steelskin
Kindly-Man,Waif
Kojja-Mo,Samwell-Tarly
Koss,Yoren
Kurleket,Tyrion-Lannister
Kyra,Theon-Greyjoy
Lambert-Turnberry,Tallad
Lamprey,Porridge
Lancel-Lannister,Moon-Boy
Lancel-Lannister,Osmund-Kettleblack
Lancel-Lannister,Robert-Baratheon
Lancel-Lannister,Sansa-Stark
Lancel-Lannister,Tyrion-Lannister
Lancel-Lannister,Varys
Lark,Samwell-Tarly
Lark,Small-Paul
Lark,Softfoot
Leaf,Meera-Reed
Leathers,Toregg
Leathers,Tormund
Leathers,Wun-Weg-Wun-Dar-Wun
Lem,Sandor-Clegane
Lem,Sharna
Lem,Tansy
Lem,Thoros-of-Myr
Lem,Tom-of-Sevenstreams
Lemore,Rolly-Duckfield
Lemore,Tyrion-Lannister
Lemore,Yandry
Lemore,Ysilla
Leo-Lefford,Tyrion-Lannister
Leo-Tyrell,Pate-(novice)
Leo-Tyrell,Roone
Leo-Tyrell,Samwell-Tarly
Leobald-Tallhart,Rodrik-Cassel
Leona-Woolfield,Wyman-Manderly
Lewyn-Martell,Oswell-Whent
Lollys-Stokeworth,Shae
Lollys-Stokeworth,Symon-Silver-Tongue
Lollys-Stokeworth,Tanda-Stokeworth
Lollys-Stokeworth,Tyrion-Lannister
Lollys-Stokeworth,Varys
Lommy-Greenhands,Weasel
Lommy-Greenhands,Woth
Lommy-Greenhands,Yoren
Longwater-Pyke,Victarion-Greyjoy
Loras-Tyrell,Mace-Tyrell
Loras-Tyrell,Margaery-Tyrell
Loras-Tyrell,Olenna-Redwyne
Loras-Tyrell,Osmund-Kettleblack
Loras-Tyrell,Petyr-Baelish
Loras-Tyrell,Renly-Baratheon
Loras-Tyrell,Robert-Baratheon
Loras-Tyrell,Rodrik-Cassel
Loras-Tyrell,Sandor-Clegane
Loras-Tyrell,Sansa-Stark
Loras-Tyrell,Stannis-Baratheon
Loras-Tyrell,Tommen-Baratheon
Loras-Tyrell,Tyrion-Lannister
Loras-Tyrell,Willas-Tyrell
Lorent-Caswell,Renly-Baratheon
Lorren,Squint
Lorren,Sybelle-Glover
Lorren,Theon-Greyjoy
Lorren,Urzen
Lorren,Wex-Pyke
Lothar-Frey,Marq-Piper
Lothar-Frey,Merrett-Frey
Lothar-Frey,Robb-Stark
Lothar-Frey,Roose-Bolton
Lothar-Frey,Roslin-Frey
Lothar-Frey,Walder-Frey
Lothar-Frey,Walder-Rivers
Lothor-Brune,Mya-Stone
Lothor-Brune,Petyr-Baelish
Lothor-Brune,Robert-Arryn
Lothor-Brune,Sansa-Stark
Lucas-Codd,Red-Oarsman
Lucas-Codd,Torwold-Browntooth
Luton,Skinner
Luwin,Meera-Reed
Luwin,Nan
Luwin,Osha
Luwin,Rickard-Karstark
Luwin,Rickon-Stark
Luwin,Robb-Stark
Luwin,Rodrik-Cassel
Luwin,Theon-Greyjoy
Luwin,Tommen-Baratheon
Luwin,Tyrion-Lannister
Luwin,Walder-Frey-(son-of-Merrett)
Lyanna-Mormont,Stannis-Baratheon
Lyanna-Stark,Rhaegar-Targaryen
Lyanna-Stark,Robert-Baratheon
Lyanna-Stark,Sansa-Stark
Lyn-Corbray,Lyonel-Corbray
Lyn-Corbray,Lysa-Arryn
Lyn-Corbray,Petyr-Baelish
Lyn-Corbray,Robert-Arryn
Lyonel-Corbray,Petyr-Baelish
Lysa-Arryn,Marillion
Lysa-Arryn,Mathis-Rowan
Lysa-Arryn,Nestor-Royce
Lysa-Arryn,Petyr-Baelish
Lysa-Arryn,Robert-Arryn
Lysa-Arryn,Robert-Baratheon
Lysa-Arryn,Sansa-Stark
Lysa-Arryn,Stannis-Baratheon
Lysa-Arryn,Tansy
Lysa-Arryn,Tyrion-Lannister
Lysa-Arryn,Tywin-Lannister
Lysa-Arryn,Vardis-Egen
Mace-Tyrell,Margaery-Tyrell
Mace-Tyrell,Mathis-Rowan
Mace-Tyrell,Oberyn-Martell
Mace-Tyrell,Olenna-Redwyne
Mace-Tyrell,Paxter-Redwyne
Mace-Tyrell,Pycelle
Mace-Tyrell,Randyll-Tarly
Mace-Tyrell,Renly-Baratheon
Mace-Tyrell,Robert-Strong
Mace-Tyrell,Sansa-Stark
Mace-Tyrell,Stannis-Baratheon
Mace-Tyrell,Tommen-Baratheon
Mace-Tyrell,Tyrion-Lannister
Mace-Tyrell,Tywin-Lannister
Mace-Tyrell,Willas-Tyrell
Maddy,Mya-Stone
Maddy,Robert-Arryn
Maddy,Sansa-Stark
Maege-Mormont,Rickard-Karstark
Maege-Mormont,Robb-Stark
Maegor-I-Targaryen,Sansa-Stark
Maegor-I-Targaryen,Tommen-Baratheon
Maegor-I-Targaryen,Varys
Maggy,Melara-Hetherspoon
Malaquo-Maegyr,Nyessos-Vhassar
Malegorn,Narbert-Grandison
Malegorn,Selyse-Florent
Mallador-Locke,Thoren-Smallwood
Mance-Rayder,Melisandre
Mance-Rayder,Pypar
Mance-Rayder,Qhorin-Halfhand
Mance-Rayder,Ramsay-Snow
Mance-Rayder,Rattleshirt
Mance-Rayder,Rowan
Mance-Rayder,Samwell-Tarly
Mance-Rayder,Squirrel
Mance-Rayder,Stannis-Baratheon
Mance-Rayder,Styr
Mance-Rayder,Theon-Greyjoy
Mance-Rayder,Thoren-Smallwood
Mance-Rayder,Tormund
Mance-Rayder,Val
Mance-Rayder,Varamyr
Mance-Rayder,Ygritte
Mandon-Moore,Sandor-Clegane
Mandon-Moore,Sansa-Stark
Mandon-Moore,Tyrion-Lannister
Mandon-Moore,Varys
Manfrey-Martell,Ricasso
Margaery-Tyrell,Megga-Tyrell
Margaery-Tyrell,Olenna-Redwyne
Margaery-Tyrell,Orton-Merryweather
Margaery-Tyrell,Osmund-Kettleblack
Margaery-Tyrell,Osney-Kettleblack
Margaery-Tyrell,Qyburn
Margaery-Tyrell,Renly-Baratheon
Margaery-Tyrell,Robert-Baratheon
Margaery-Tyrell,Sansa-Stark
Margaery-Tyrell,Senelle
Margaery-Tyrell,Taena-of-Myr
Margaery-Tyrell,Tallad
Margaery-Tyrell,Tommen-Baratheon
Margaery-Tyrell,Tyrion-Lannister
Margaery-Tyrell,Varys
Margaery-Tyrell,Willas-Tyrell
Marillion,Petyr-Baelish
Marillion,Robert-Arryn
Marillion,Rodrik-Cassel
Marillion,Sansa-Stark
Marillion,Tyrion-Lannister
Marillion,Willis-Wode
Marlon-Manderly,Stannis-Baratheon
Marq-Piper,Robb-Stark
Marq-Piper,Tywin-Lannister
Marselen,Symon-Stripeback
Martyn-Lannister,Tywin-Lannister
Martyn-Lannister,Willem-Lannister
Martyn-Rivers,Robb-Stark
Marwyn,Samwell-Tarly
Marya-Seaworth,Stannis-Baratheon
Mathis-Rowan,Paxter-Redwyne
Mathis-Rowan,Randyll-Tarly
Mathis-Rowan,Renly-Baratheon
Mathis-Rowan,Stannis-Baratheon
Meera-Reed,Osha
Meera-Reed,Rickon-Stark
Meera-Reed,Samwell-Tarly
Megga-Tyrell,Sansa-Stark
Meldred-Merlyn,Victarion-Greyjoy
Melisandre,Rattleshirt
Melisandre,Renly-Baratheon
Melisandre,Salladhor-Saan
Melisandre,Samwell-Tarly
Melisandre,Selyse-Florent
Melisandre,Sigorn
Melisandre,Stannis-Baratheon
Melisandre,Ygritte
Mellei,Morra
Meribald,Narbert
Meribald,Podrick-Payne
Meris,Quentyn-Martell
Meris,Tattered-Prince
Merrett-Frey,Petyr-Baelish
Meryn-Trant,Osmund-Kettleblack
Meryn-Trant,Polliver
Meryn-Trant,Rafford
Meryn-Trant,Robert-Baratheon
Meryn-Trant,Sandor-Clegane
Meryn-Trant,Sansa-Stark
Meryn-Trant,Syrio-Forel
Meryn-Trant,Tickler
Meryn-Trant,Tyrion-Lannister
Mezzara,Qezza
Mikken,Osha
Mikken,Theon-Greyjoy
Miklaz,Qezza
Mirri-Maz-Duur,Qotho
Missandei,Quentyn-Martell
Missandei,Skahaz-mo-Kandaq
Moelle,Scolera
Moelle,Unella
Mollander,Pate-(novice)
Mollander,Roone
Monford-Velaryon,Stannis-Baratheon
Moon-Boy,Osmund-Kettleblack
Moqorro,Rodrik-Sparr
Moqorro,Tyrion-Lannister
Moqorro,Victarion-Greyjoy
Mord,Tyrion-Lannister
Mordane,Myrcella-Baratheon
Mordane,Petyr-Baelish
Mordane,Robert-Baratheon
Mordane,Sansa-Stark
Morgo,Tyrion-Lannister
Morrec,Tyrion-Lannister
Mors-Umber,Stannis-Baratheon
Mully,Owen
Mully,Satin
Mully,Spare-Boot
Munda,Tormund
Murenmure,Theon-Greyjoy
Mya-Stone,Myranda-Royce
Mya-Stone,Robert-Arryn
Mycah,Sandor-Clegane
Mycah,Sansa-Stark
Myranda-Royce,Robert-Arryn
Myranda-Royce,Sansa-Stark
Myrcella-Baratheon,Robb-Stark
Myrcella-Baratheon,Robert-Arryn
Myrcella-Baratheon,Robert-Baratheon
Myrcella-Baratheon,Sandor-Clegane
Myrcella-Baratheon,Sansa-Stark
Myrcella-Baratheon,Stannis-Baratheon
Myrcella-Baratheon,Sylva-Santagar
Myrcella-Baratheon,Tommen-Baratheon
Myrcella-Baratheon,Trystane-Martell
Myrcella-Baratheon,Tyrion-Lannister
Nage,Walton
Nan,Robb-Stark
Narbert-Grandison,Patrek-of-Kings-Mountain
Narbert-Grandison,Selyse-Florent
Nestor-Royce,Petyr-Baelish
Nestor-Royce,Robert-Arryn
Nestor-Royce,Sansa-Stark
Nestor-Royce,Yohn-Royce
Nurse,Penny
Nurse,Tyrion-Lannister
Nurse,Yezzan-zo-Qaggaz
Nute,Ralf-Stonehouse
Nute,Rodrik-Harlaw
Nute,Victarion-Greyjoy
Nymeria-Sand,Obara-Sand
Nymeria-Sand,Tyene-Sand
Obara-Sand,Tyene-Sand
Oberyn-Martell,Sansa-Stark
Oberyn-Martell,Tyene-Sand
Oberyn-Martell,Tyrion-Lannister
Oberyn-Martell,Tywin-Lannister
Oberyn-Martell,Viserys-Targaryen
Old-Bill-Bone,Quentyn-Martell
Olenna-Redwyne,Sansa-Stark
Olenna-Redwyne,Tyrion-Lannister
Olyvar-Frey,Robb-Stark
Olyvar-Frey,Ryman-Frey
Orell,Ygritte
Orton-Merryweather,Petyr-Baelish
Orton-Merryweather,Pycelle
Orton-Merryweather,Stannis-Baratheon
Orton-Merryweather,Taena-of-Myr
Orton-Merryweather,Tommen-Baratheon
Osfryd-Kettleblack,Osmund-Kettleblack
Osfryd-Kettleblack,Osney-Kettleblack
Osha,Rickon-Stark
Osha,Robb-Stark
Osha,Theon-Greyjoy
Osmund-Kettleblack,Osney-Kettleblack
Osmund-Kettleblack,Pycelle
Osmund-Kettleblack,Qyburn
Osmund-Kettleblack,Sansa-Stark
Osmund-Kettleblack,Tommen-Baratheon
Osmund-Kettleblack,Tyrion-Lannister
Osney-Kettleblack,Stannis-Baratheon
Osney-Kettleblack,Taena-of-Myr
Osney-Kettleblack,Tommen-Baratheon
Oswell-Kettleblack,Petyr-Baelish
Oswell-Kettleblack,Sansa-Stark
Othell-Yarwyck,Pypar
Othell-Yarwyck,Weeper
Ottyn-Wythers,Samwell-Tarly
Ottyn-Wythers,Thoren-Smallwood
Owen,Pypar
Owen,Robert-Baratheon
Owen,Satin
Owen,Spare-Boot
Palla,Ramsay-Snow
Palla,Theon-Greyjoy
Patchface,Selyse-Florent
Patchface,Shireen-Baratheon
Patchface,Stannis-Baratheon
Pate-(novice),Quill
Pate-(novice),Rosey
Pate-(novice),Walgrave
Pate-(whipping-boy),Tommen-Baratheon
Patrek-of-Kings-Mountain,Selyse-Florent
Patrek-of-Kings-Mountain,Wun-Weg-Wun-Dar-Wun
Paxter-Redwyne,Samwell-Tarly
Paxter-Redwyne,Tyrion-Lannister
Penny,Sweets
Penny,Tyrion-Lannister
Penny,Yezzan-zo-Qaggaz
Perwyn-Frey,Robb-Stark
Perwyn-Frey,Wendel-Manderly
Petyr-Baelish,Podrick-Payne
Petyr-Baelish,Pycelle
Petyr-Baelish,Renly-Baratheon
Petyr-Baelish,Robb-Stark
Petyr-Baelish,Robert-Arryn
Petyr-Baelish,Robert-Baratheon
Petyr-Baelish,Rodrik-Cassel
Petyr-Baelish,Roose-Bolton
Petyr-Baelish,Sandor-Clegane
Petyr-Baelish,Sansa-Stark
Petyr-Baelish,Stannis-Baratheon
Petyr-Baelish,Symond-Templeton
Petyr-Baelish,Tomard
Petyr-Baelish,Tyrion-Lannister
Petyr-Baelish,Tywin-Lannister
Petyr-Baelish,Varys
Petyr-Baelish,Yohn-Royce
Petyr-Frey,Ryman-Frey
Petyr-Frey,Walder-Frey
Pia,Qyburn
Pia,Tyrion-Lannister
Podrick-Payne,Sansa-Stark
Podrick-Payne,Tyrion-Lannister
Podrick-Payne,Tywin-Lannister
Polliver,Rafford
Polliver,Sandor-Clegane
Polliver,Sansa-Stark
Polliver,Tickler
Polliver,Weese
Prendahl-na-Ghezn,Sallor
Preston-Greenfield,Tyrion-Lannister
Puckens,Pycelle
Puckens,Shortear
Pyat-Pree,Xaro-Xhoan-Daxos
Pycelle,Qyburn
Pycelle,Renly-Baratheon
Pycelle,Robert-Baratheon
Pycelle,Sansa-Stark
Pycelle,Shagga
Pycelle,Stannis-Baratheon
Pycelle,Tyrion-Lannister
Pycelle,Tywin-Lannister
Pycelle,Varys
Pycelle,Walder-Frey
Pyg,Shagwell
Pyg,Timeon
Pyg,Vargo-Hoat
Pylos,Shireen-Baratheon
Pylos,Stannis-Baratheon
Pypar,Rast
Pypar,Samwell-Tarly
Pypar,Satin
Pypar,Todder
Qarl-the-Maid,Tristifer-Botley
Qavo-Nogarys,Tyrion-Lannister
Qhorin-Halfhand,Ragwyle
Qhorin-Halfhand,Rattleshirt
Qhorin-Halfhand,Samwell-Tarly
Qhorin-Halfhand,Stonesnake
Qhorin-Halfhand,Thoren-Smallwood
Qhorin-Halfhand,Ygritte
Qotho,Quaro
Quaro,Rakharo
Quellon-Greyjoy,Victarion-Greyjoy
Quentyn-Martell,Tattered-Prince
Quentyn-Martell,Trystane-Martell
Quhuru-Mo,Samwell-Tarly
Quhuru-Mo,Xhondo
Qyburn,Robert-Strong
Qyburn,Roose-Bolton
Qyburn,Stannis-Baratheon
Qyburn,Walton
Rafford,Sandor-Clegane
Rafford,Tickler
Ralf-(Limper),Victarion-Greyjoy
Ralf-Stonehouse,Victarion-Greyjoy
Ramsay-Snow,Reek
Ramsay-Snow,Robb-Stark
Ramsay-Snow,Rodrik-Cassel
Ramsay-Snow,Roose-Bolton
Ramsay-Snow,Skinner
Ramsay-Snow,Sour-Alyn
Ramsay-Snow,Stannis-Baratheon
Ramsay-Snow,Theon-Greyjoy
Ramsay-Snow,Walder-Frey-(son-of-Merrett)
Ramsay-Snow,Wyman-Manderly
Ramsay-Snow,Yellow-Dick
Randyll-Tarly,Renly-Baratheon
Randyll-Tarly,Robert-Strong
Randyll-Tarly,Robett-Glover
Randyll-Tarly,Samwell-Tarly
Randyll-Tarly,Stannis-Baratheon
Rast,Samwell-Tarly
Rattleshirt,Ryk
Rattleshirt,Styr
Rattleshirt,Tormund
Rattleshirt,Weeper
Rattleshirt,Ygritte
Raymun-Darry,Robert-Baratheon
Raynald-Westerling,Robb-Stark
Raynald-Westerling,Rollam-Westerling
Raynard,Torbert
Renly-Baratheon,Robb-Stark
Renly-Baratheon,Robert-Baratheon
Renly-Baratheon,Sandor-Clegane
Renly-Baratheon,Sansa-Stark
Renly-Baratheon,Stannis-Baratheon
Renly-Baratheon,Steffon-Baratheon
Renly-Baratheon,Tyrion-Lannister
Renly-Baratheon,Tywin-Lannister
Renly-Baratheon,Varys
Rennifer-Longwaters,Rugen
Reznak-mo-Reznak,Skahaz-mo-Kandaq
Rhaegar-Frey,Wyman-Manderly
Rhaegar-Targaryen,Rhaella-Targaryen
Rhaegar-Targaryen,Robert-Baratheon
Rhaegar-Targaryen,Sansa-Stark
Rhaegar-Targaryen,Tywin-Lannister
Rhaegar-Targaryen,Viserys-Targaryen
Rhaella-Targaryen,Viserys-Targaryen
Rhaenys-Targaryen,Visenya-Targaryen
Richard-Horpe,Stannis-Baratheon
Rickard-Karstark,Robb-Stark
Rickard-Karstark,Roose-Bolton
Rickon-Stark,Robb-Stark
Rickon-Stark,Rodrik-Cassel
Rickon-Stark,Sansa-Stark
Rickon-Stark,Theon-Greyjoy
Rickon-Stark,Tyrion-Lannister
Rickon-Stark,Walder-Frey-(son-of-Merrett)
Robb-Stark,Robert-Baratheon
Robb-Stark,Robin-Flint
Robb-Stark,Rodrik-Cassel
Robb-Stark,Rollam-Westerling
Robb-Stark,Rolph-Spicer
Robb-Stark,Roose-Bolton
Robb-Stark,Roslin-Frey
Robb-Stark,Ryman-Frey
Robb-Stark,Samwell-Tarly
Robb-Stark,Sansa-Stark
Robb-Stark,Stafford-Lannister
Robb-Stark,Stannis-Baratheon
Robb-Stark,Stevron-Frey
Robb-Stark,Stiv
Robb-Stark,Sybell-Spicer
Robb-Stark,Theon-Greyjoy
Robb-Stark,Torrhen-Karstark
Robb-Stark,Tristifer-IV-Mudd
Robb-Stark,Tyrion-Lannister
Robb-Stark,Tywin-Lannister
Robb-Stark,Utherydes-Wayn
Robb-Stark,Varys
Robb-Stark,Walder-Frey
Robb-Stark,Walder-Rivers
Robb-Stark,Wendel-Manderly
Robb-Stark,Willem-Lannister
Robb-Stark,Wyman-Manderly
Robb-Stark,Yoren
Robert-Arryn,Sansa-Stark
Robert-Arryn,Terrance-Lynderly
Robert-Arryn,Tyrion-Lannister
Robert-Arryn,Yohn-Royce
Robert-Baratheon,Sandor-Clegane
Robert-Baratheon,Sansa-Stark
Robert-Baratheon,Stannis-Baratheon
Robert-Baratheon,Taena-of-Myr
Robert-Baratheon,Thoros-of-Myr
Robert-Baratheon,Tommen-Baratheon
Robert-Baratheon,Tyrion-Lannister
Robert-Baratheon,Tywin-Lannister
Robert-Baratheon,Val
Robert-Baratheon,Varys
Robert-Baratheon,Vayon-Poole
Robert-Baratheon,Viserys-Targaryen
Robert-Baratheon,Willam-Dustin
Robett-Glover,Rorge
Robett-Glover,Stannis-Baratheon
Robett-Glover,Vargo-Hoat
Robin-Flint,Wendel-Manderly
Rodrik-Cassel,Roose-Bolton
Rodrik-Cassel,Theon-Greyjoy
Rodrik-Cassel,Tyrion-Lannister
Rodrik-Cassel,Walder-Frey-(son-of-Merrett)
Rodrik-Cassel,Willis-Wode
Rodrik-Cassel,Wyman-Manderly
Rodrik-Harlaw,Sigfryd-Harlaw
Rodrik-Harlaw,Victarion-Greyjoy
Rodrik-Sparr,Victarion-Greyjoy
Roger-Ryswell,Theon-Greyjoy
Rolly-Duckfield,Tyrion-Lannister
Rolly-Duckfield,Yandry
Rolly-Duckfield,Ysilla
Roose-Bolton,Ryman-Frey
Roose-Bolton,Stannis-Baratheon
Roose-Bolton,Theon-Greyjoy
Roose-Bolton,Tyrion-Lannister
Roose-Bolton,Tywin-Lannister
Roose-Bolton,Vargo-Hoat
Roose-Bolton,Walda-Frey-(daughter-of-Merrett)
Roose-Bolton,Walder-Frey
Roose-Bolton,Walton
Roose-Bolton,Wyman-Manderly
Roose-Ryswell,Stannis-Baratheon
Rorge,Shagwell
Rorge,Vargo-Hoat
Rorge,Yoren
Rorge,Zollo
Roslin-Frey,Walder-Frey
Rowan,Squirrel
Rowan,Theon-Greyjoy
Ryk,Tormund
Ryk,Ygritte
Ryman-Frey,Stevron-Frey
Ryman-Frey,Walder-Rivers
Salladhor-Saan,Stannis-Baratheon
Samwell-Tarly,Small-Paul
Samwell-Tarly,Stannis-Baratheon
Samwell-Tarly,Theobald
Samwell-Tarly,Xhondo
Sandor-Clegane,Sansa-Stark
Sandor-Clegane,Thoros-of-Myr
Sandor-Clegane,Tickler
Sandor-Clegane,Timeon
Sandor-Clegane,Tommen-Baratheon
Sandor-Clegane,Tyrion-Lannister
Sansa-Stark,Shae
Sansa-Stark,Stannis-Baratheon
Sansa-Stark,Tanda-Stokeworth
Sansa-Stark,Tomard
Sansa-Stark,Tommen-Baratheon
Sansa-Stark,Tyrion-Lannister
Sansa-Stark,Tysha
Sansa-Stark,Tywin-Lannister
Sansa-Stark,Varys
Sansa-Stark,Willas-Tyrell
Sansa-Stark,Yohn-Royce
Sarella-Sand,Tyene-Sand
Satin,Selyse-Florent
Satin,Spare-Boot
Scar,Tyrion-Lannister
Scar,Yezzan-zo-Qaggaz
Scolera,Unella
Selyse-Florent,Shireen-Baratheon
Selyse-Florent,Stannis-Baratheon
Selyse-Florent,Val
Selyse-Florent,Wun-Weg-Wun-Dar-Wun
Shadd,Wendel-Manderly
Shae,Stannis-Baratheon
Shae,Symon-Silver-Tongue
Shae,Tanda-Stokeworth
Shae,Tyrion-Lannister
Shae,Tysha
Shae,Varys
Shagga,Timett
Shagga,Tyrion-Lannister
Shagga,Ulf-son-of-Umar
Shagwell,Timeon
Shagwell,Zollo
Sharna,Tom-of-Sevenstreams
Shireen-Baratheon,Stannis-Baratheon
Shireen-Baratheon,Tommen-Baratheon
Shireen-Baratheon,Val
Shrouded-Lord,Tyrion-Lannister
Sigorn,Stannis-Baratheon
Simon-Toyne,Smiling-Knight
Skinner,Sour-Alyn
Skinner,Theon-Greyjoy
Sour-Alyn,Theon-Greyjoy
Sour-Alyn,Yellow-Dick
Squint,Theon-Greyjoy
Squirrel,Theon-Greyjoy
Stannis-Baratheon,Steffon-Baratheon
Stannis-Baratheon,Theomore
Stannis-Baratheon,Theon-Greyjoy
Stannis-Baratheon,Tommen-Baratheon
Stannis-Baratheon,Tycho-Nestoris
Stannis-Baratheon,Tyrion-Lannister
Stannis-Baratheon,Tywin-Lannister
Stannis-Baratheon,Val
Stannis-Baratheon,Varys
Stannis-Baratheon,William-Foxglove
Stannis-Baratheon,Wyman-Manderly
Stevron-Frey,Walder-Frey
Stonesnake,Ygritte
Stygg,Theon-Greyjoy
Stygg,Werlag
Styr,Tormund
Styr,Ygritte
Sweets,Tyrion-Lannister
Sweets,Yezzan-zo-Qaggaz
Sybell-Spicer,Wyman-Manderly
Sylva-Santagar,Tyene-Sand
Symon-Silver-Tongue,Tyrion-Lannister
Symond-Templeton,Yohn-Royce
Syrio-Forel,Yoren
Taena-of-Myr,Tommen-Baratheon
Taena-of-Myr,Tyrion-Lannister
Talbert-Serry,Victarion-Greyjoy
Tanda-Stokeworth,Tyrion-Lannister
Tansy,Tom-of-Sevenstreams
Theomore,Wyman-Manderly
Theon-Greyjoy,Tyrion-Lannister
Theon-Greyjoy,Tywin-Lannister
Theon-Greyjoy,Urzen
Theon-Greyjoy,Victarion-Greyjoy
Theon-Greyjoy,Walda-Frey-(daughter-of-Merrett)
Theon-Greyjoy,Walder-Frey
Theon-Greyjoy,Walder-Frey-(son-of-Jammos)
Theon-Greyjoy,Walder-Frey-(son-of-Merrett)
Theon-Greyjoy,Werlag
Theon-Greyjoy,Wex-Pyke
Theon-Greyjoy,Willow-Witch-eye
Theon-Greyjoy,Wyman-Manderly
Theon-Greyjoy,Yellow-Dick
Thistle,Varamyr
Timett,Tyrion-Lannister
Timett,Varys
Tion-Frey,Willem-Lannister
Tommen-Baratheon,Tyrion-Lannister
Tommen-Baratheon,Tywin-Lannister
Toregg,Tormund
Tormund,Val
Tormund,Weeper
Tormund,Ygritte
Tybero-Istarion,Tyrion-Lannister
Tyrion-Lannister,Tysha
Tyrion-Lannister,Tywin-Lannister
Tyrion-Lannister,Vardis-Egen
Tyrion-Lannister,Varys
Tyrion-Lannister,Viserys-Targaryen
Tyrion-Lannister,Vylarr
Tyrion-Lannister,Willas-Tyrell
Tyrion-Lannister,Willis-Wode
Tyrion-Lannister,Yandry
Tyrion-Lannister,Yezzan-zo-Qaggaz
Tyrion-Lannister,Yoren
Tyrion-Lannister,Ysilla
Tywin-Lannister,Vargo-Hoat
Tywin-Lannister,Varys
Tywin-Lannister,Walder-Frey
Tywin-Lannister,Weese
Tywin-Lannister,Wylis-Manderly
Vargo-Hoat,Zollo
Victarion-Greyjoy,Wulfe
Walder-Frey-(son-of-Jammos),Walder-Frey-(son-of-Merrett)
Walder-Frey-(son-of-Merrett),Wex-Pyke
Waymar-Royce,Will-(prologue)
Weasel,Weese
Woth,Yoren
Yandry,Ysilla
